--
-- PostgreSQL database dump
--

-- Dumped from database version 15.13 (Debian 15.13-1.pgdg120+1)
-- Dumped by pg_dump version 17.4

-- Started on 2025-11-25 14:24:36

SET statement_timeout = 0;
SET lock_timeout = 0;
SET idle_in_transaction_session_timeout = 0;
SET transaction_timeout = 0;
SET client_encoding = 'UTF8';
SET standard_conforming_strings = on;
SELECT pg_catalog.set_config('search_path', '', false);
SET check_function_bodies = false;
SET xmloption = content;
SET client_min_messages = warning;
SET row_security = off;

--
-- TOC entry 2 (class 3079 OID 16713)
-- Name: pg_stat_statements; Type: EXTENSION; Schema: -; Owner: -
--

CREATE EXTENSION IF NOT EXISTS pg_stat_statements WITH SCHEMA public;


--
-- TOC entry 4115 (class 0 OID 0)
-- Dependencies: 2
-- Name: EXTENSION pg_stat_statements; Type: COMMENT; Schema: -; Owner: 
--

COMMENT ON EXTENSION pg_stat_statements IS 'track planning and execution statistics of all SQL statements executed';


SET default_tablespace = '';

SET default_table_access_method = heap;

--
-- TOC entry 221 (class 1259 OID 17489)
-- Name: access_level; Type: TABLE; Schema: public; Owner: BM_apps
--

CREATE TABLE public.access_level (
    access_level_id integer NOT NULL,
    name character varying(255) NOT NULL
);


ALTER TABLE public.access_level OWNER TO "BM_apps";

--
-- TOC entry 292 (class 1259 OID 18032)
-- Name: access_level_access_level_id_seq1; Type: SEQUENCE; Schema: public; Owner: BM_apps
--

ALTER TABLE public.access_level ALTER COLUMN access_level_id ADD GENERATED BY DEFAULT AS IDENTITY (
    SEQUENCE NAME public.access_level_access_level_id_seq1
    START WITH 1
    INCREMENT BY 1
    NO MINVALUE
    NO MAXVALUE
    CACHE 1
);


--
-- TOC entry 222 (class 1259 OID 17494)
-- Name: account_type; Type: TABLE; Schema: public; Owner: BM_apps
--

CREATE TABLE public.account_type (
    account_type_id bigint NOT NULL,
    name character varying(255) NOT NULL
);


ALTER TABLE public.account_type OWNER TO "BM_apps";

--
-- TOC entry 218 (class 1259 OID 17397)
-- Name: administrator_profiles; Type: TABLE; Schema: public; Owner: BM_apps
--

CREATE TABLE public.administrator_profiles (
    administrator_id bigint NOT NULL,
    contact_email character varying(255),
    contact_phone character varying(255),
    created_at timestamp(6) without time zone,
    full_name character varying(255),
    is_data_verified boolean,
    updated_at timestamp(6) without time zone,
    club_id bigint,
    user_id bigint NOT NULL
);


ALTER TABLE public.administrator_profiles OWNER TO "BM_apps";

--
-- TOC entry 217 (class 1259 OID 17396)
-- Name: administrator_profiles_administrator_id_seq; Type: SEQUENCE; Schema: public; Owner: BM_apps
--

ALTER TABLE public.administrator_profiles ALTER COLUMN administrator_id ADD GENERATED BY DEFAULT AS IDENTITY (
    SEQUENCE NAME public.administrator_profiles_administrator_id_seq
    START WITH 1
    INCREMENT BY 1
    NO MINVALUE
    NO MAXVALUE
    CACHE 1
);


--
-- TOC entry 294 (class 1259 OID 18307)
-- Name: attestation_applications; Type: TABLE; Schema: public; Owner: BM_apps
--

CREATE TABLE public.attestation_applications (
    application_id bigint NOT NULL,
    comment character varying(255),
    requested_grade character varying(255),
    status character varying(255) NOT NULL,
    submitted_at timestamp(6) without time zone NOT NULL,
    updated_at timestamp(6) without time zone NOT NULL,
    club_id bigint,
    mechanic_profile_id bigint,
    user_id bigint,
    CONSTRAINT attestation_applications_requested_grade_check CHECK (((requested_grade)::text = ANY ((ARRAY['JUNIOR'::character varying, 'MIDDLE'::character varying, 'SENIOR'::character varying, 'LEAD'::character varying])::text[]))),
    CONSTRAINT attestation_applications_status_check CHECK (((status)::text = ANY ((ARRAY['NEW'::character varying, 'IN_REVIEW'::character varying, 'APPROVED'::character varying, 'REJECTED'::character varying])::text[])))
);


ALTER TABLE public.attestation_applications OWNER TO "BM_apps";

--
-- TOC entry 293 (class 1259 OID 18306)
-- Name: attestation_applications_application_id_seq; Type: SEQUENCE; Schema: public; Owner: BM_apps
--

ALTER TABLE public.attestation_applications ALTER COLUMN application_id ADD GENERATED BY DEFAULT AS IDENTITY (
    SEQUENCE NAME public.attestation_applications_application_id_seq
    START WITH 1
    INCREMENT BY 1
    NO MINVALUE
    NO MAXVALUE
    CACHE 1
);


--
-- TOC entry 223 (class 1259 OID 17499)
-- Name: bowling_clubs; Type: TABLE; Schema: public; Owner: BM_apps
--

CREATE TABLE public.bowling_clubs (
    club_id bigint NOT NULL,
    address character varying(255) NOT NULL,
    contact_email character varying(255),
    contact_phone character varying(255),
    created_at date,
    is_active boolean,
    is_verified boolean,
    lanes_count integer,
    name character varying(255) NOT NULL,
    updated_at date,
    verification_date date,
    owner_id bigint
);


ALTER TABLE public.bowling_clubs OWNER TO "BM_apps";

--
-- TOC entry 288 (class 1259 OID 18022)
-- Name: bowling_clubs_club_id_seq1; Type: SEQUENCE; Schema: public; Owner: BM_apps
--

ALTER TABLE public.bowling_clubs ALTER COLUMN club_id ADD GENERATED BY DEFAULT AS IDENTITY (
    SEQUENCE NAME public.bowling_clubs_club_id_seq1
    START WITH 1
    INCREMENT BY 1
    NO MINVALUE
    NO MAXVALUE
    CACHE 1
);


--
-- TOC entry 224 (class 1259 OID 17507)
-- Name: club_equipment; Type: TABLE; Schema: public; Owner: BM_apps
--

CREATE TABLE public.club_equipment (
    equipment_id bigint NOT NULL,
    condition_percentage integer,
    lanes_count integer,
    last_maintenance_date date,
    model character varying(255),
    next_maintenance_date date,
    notes character varying(255),
    other_manufacturer_name character varying(255),
    production_year integer,
    club_id bigint,
    manufacturer_id integer
);


ALTER TABLE public.club_equipment OWNER TO "BM_apps";

--
-- TOC entry 289 (class 1259 OID 18023)
-- Name: club_equipment_equipment_id_seq1; Type: SEQUENCE; Schema: public; Owner: BM_apps
--

ALTER TABLE public.club_equipment ALTER COLUMN equipment_id ADD GENERATED BY DEFAULT AS IDENTITY (
    SEQUENCE NAME public.club_equipment_equipment_id_seq1
    START WITH 1
    INCREMENT BY 1
    NO MINVALUE
    NO MAXVALUE
    CACHE 1
);


--
-- TOC entry 225 (class 1259 OID 17514)
-- Name: club_equipment_types; Type: TABLE; Schema: public; Owner: BM_apps
--

CREATE TABLE public.club_equipment_types (
    id bigint NOT NULL,
    lanes_count integer,
    other_name character varying(255),
    club_id bigint NOT NULL,
    equipment_type_id integer NOT NULL
);


ALTER TABLE public.club_equipment_types OWNER TO "BM_apps";

--
-- TOC entry 290 (class 1259 OID 18024)
-- Name: club_equipment_types_id_seq1; Type: SEQUENCE; Schema: public; Owner: BM_apps
--

ALTER TABLE public.club_equipment_types ALTER COLUMN id ADD GENERATED BY DEFAULT AS IDENTITY (
    SEQUENCE NAME public.club_equipment_types_id_seq1
    START WITH 1
    INCREMENT BY 1
    NO MINVALUE
    NO MAXVALUE
    CACHE 1
);


--
-- TOC entry 226 (class 1259 OID 17519)
-- Name: club_invitations; Type: TABLE; Schema: public; Owner: BM_apps
--

CREATE TABLE public.club_invitations (
    id bigint NOT NULL,
    status character varying(255) NOT NULL,
    club_id bigint NOT NULL,
    mechanic_id bigint NOT NULL
);


ALTER TABLE public.club_invitations OWNER TO "BM_apps";

--
-- TOC entry 291 (class 1259 OID 18025)
-- Name: club_invitations_id_seq1; Type: SEQUENCE; Schema: public; Owner: BM_apps
--

ALTER TABLE public.club_invitations ALTER COLUMN id ADD GENERATED BY DEFAULT AS IDENTITY (
    SEQUENCE NAME public.club_invitations_id_seq1
    START WITH 1
    INCREMENT BY 1
    NO MINVALUE
    NO MAXVALUE
    CACHE 1
);


--
-- TOC entry 227 (class 1259 OID 17524)
-- Name: club_mechanics; Type: TABLE; Schema: public; Owner: BM_apps
--

CREATE TABLE public.club_mechanics (
    mechanic_profile_id bigint NOT NULL,
    club_id bigint NOT NULL
);


ALTER TABLE public.club_mechanics OWNER TO "BM_apps";

--
-- TOC entry 229 (class 1259 OID 17528)
-- Name: club_owners; Type: TABLE; Schema: public; Owner: BM_apps
--

CREATE TABLE public.club_owners (
    owner_id bigint NOT NULL,
    contact_email character varying(255),
    contact_person character varying(255),
    contact_phone character varying(255),
    created_at date,
    inn character varying(255),
    is_data_verified boolean,
    legal_name character varying(255),
    updated_at date,
    verification_date date,
    user_id bigint
);


ALTER TABLE public.club_owners OWNER TO "BM_apps";

--
-- TOC entry 228 (class 1259 OID 17527)
-- Name: club_owners_owner_id_seq1; Type: SEQUENCE; Schema: public; Owner: BM_apps
--

ALTER TABLE public.club_owners ALTER COLUMN owner_id ADD GENERATED BY DEFAULT AS IDENTITY (
    SEQUENCE NAME public.club_owners_owner_id_seq1
    START WITH 1
    INCREMENT BY 1
    NO MINVALUE
    NO MAXVALUE
    CACHE 1
);


--
-- TOC entry 231 (class 1259 OID 17536)
-- Name: club_staff; Type: TABLE; Schema: public; Owner: BM_apps
--

CREATE TABLE public.club_staff (
    staff_id bigint NOT NULL,
    assigned_at timestamp(6) without time zone,
    assigned_by bigint,
    is_active boolean,
    club_id bigint,
    role_id bigint,
    user_id bigint,
    info_access_restricted boolean
);


ALTER TABLE public.club_staff OWNER TO "BM_apps";

--
-- TOC entry 230 (class 1259 OID 17535)
-- Name: club_staff_staff_id_seq1; Type: SEQUENCE; Schema: public; Owner: BM_apps
--

ALTER TABLE public.club_staff ALTER COLUMN staff_id ADD GENERATED BY DEFAULT AS IDENTITY (
    SEQUENCE NAME public.club_staff_staff_id_seq1
    START WITH 1
    INCREMENT BY 1
    NO MINVALUE
    NO MAXVALUE
    CACHE 1
);


--
-- TOC entry 233 (class 1259 OID 17542)
-- Name: document_type; Type: TABLE; Schema: public; Owner: BM_apps
--

CREATE TABLE public.document_type (
    document_type_id integer NOT NULL,
    name character varying(255) NOT NULL
);


ALTER TABLE public.document_type OWNER TO "BM_apps";

--
-- TOC entry 232 (class 1259 OID 17541)
-- Name: document_type_document_type_id_seq1; Type: SEQUENCE; Schema: public; Owner: BM_apps
--

ALTER TABLE public.document_type ALTER COLUMN document_type_id ADD GENERATED BY DEFAULT AS IDENTITY (
    SEQUENCE NAME public.document_type_document_type_id_seq1
    START WITH 1
    INCREMENT BY 1
    NO MINVALUE
    NO MAXVALUE
    CACHE 1
);


--
-- TOC entry 235 (class 1259 OID 17548)
-- Name: education_level; Type: TABLE; Schema: public; Owner: BM_apps
--

CREATE TABLE public.education_level (
    education_level_id integer NOT NULL,
    name character varying(255) NOT NULL
);


ALTER TABLE public.education_level OWNER TO "BM_apps";

--
-- TOC entry 234 (class 1259 OID 17547)
-- Name: education_level_education_level_id_seq1; Type: SEQUENCE; Schema: public; Owner: BM_apps
--

ALTER TABLE public.education_level ALTER COLUMN education_level_id ADD GENERATED BY DEFAULT AS IDENTITY (
    SEQUENCE NAME public.education_level_education_level_id_seq1
    START WITH 1
    INCREMENT BY 1
    NO MINVALUE
    NO MAXVALUE
    CACHE 1
);


--
-- TOC entry 300 (class 1259 OID 18380)
-- Name: equipment_components; Type: TABLE; Schema: public; Owner: BM_apps
--

CREATE TABLE public.equipment_components (
    component_id bigint NOT NULL,
    category character varying(255),
    code character varying(255),
    manufacturer character varying(255),
    name character varying(255) NOT NULL,
    notes character varying(2000),
    parent_id bigint
);


ALTER TABLE public.equipment_components OWNER TO "BM_apps";

--
-- TOC entry 299 (class 1259 OID 18379)
-- Name: equipment_components_component_id_seq; Type: SEQUENCE; Schema: public; Owner: BM_apps
--

ALTER TABLE public.equipment_components ALTER COLUMN component_id ADD GENERATED BY DEFAULT AS IDENTITY (
    SEQUENCE NAME public.equipment_components_component_id_seq
    START WITH 1
    INCREMENT BY 1
    NO MINVALUE
    NO MAXVALUE
    CACHE 1
);


--
-- TOC entry 237 (class 1259 OID 17554)
-- Name: equipment_maintenance_schedule; Type: TABLE; Schema: public; Owner: BM_apps
--

CREATE TABLE public.equipment_maintenance_schedule (
    schedule_id bigint NOT NULL,
    is_critical boolean,
    last_performed date,
    maintenance_type character varying(255),
    scheduled_date date,
    club_id bigint,
    equipment_id bigint
);


ALTER TABLE public.equipment_maintenance_schedule OWNER TO "BM_apps";

--
-- TOC entry 236 (class 1259 OID 17553)
-- Name: equipment_maintenance_schedule_schedule_id_seq1; Type: SEQUENCE; Schema: public; Owner: BM_apps
--

ALTER TABLE public.equipment_maintenance_schedule ALTER COLUMN schedule_id ADD GENERATED BY DEFAULT AS IDENTITY (
    SEQUENCE NAME public.equipment_maintenance_schedule_schedule_id_seq1
    START WITH 1
    INCREMENT BY 1
    NO MINVALUE
    NO MAXVALUE
    CACHE 1
);


--
-- TOC entry 239 (class 1259 OID 17560)
-- Name: equipment_type; Type: TABLE; Schema: public; Owner: BM_apps
--

CREATE TABLE public.equipment_type (
    equipment_type_id integer NOT NULL,
    description character varying(255),
    name character varying(255) NOT NULL
);


ALTER TABLE public.equipment_type OWNER TO "BM_apps";

--
-- TOC entry 238 (class 1259 OID 17559)
-- Name: equipment_type_equipment_type_id_seq1; Type: SEQUENCE; Schema: public; Owner: BM_apps
--

ALTER TABLE public.equipment_type ALTER COLUMN equipment_type_id ADD GENERATED BY DEFAULT AS IDENTITY (
    SEQUENCE NAME public.equipment_type_equipment_type_id_seq1
    START WITH 1
    INCREMENT BY 1
    NO MINVALUE
    NO MAXVALUE
    CACHE 1
);


--
-- TOC entry 241 (class 1259 OID 17568)
-- Name: maintenance_history; Type: TABLE; Schema: public; Owner: BM_apps
--

CREATE TABLE public.maintenance_history (
    history_id bigint NOT NULL,
    lane_number integer,
    manager_approval_date timestamp(6) without time zone,
    manager_notes character varying(255),
    parts_used character varying(255),
    quality_rating integer,
    work_date timestamp(6) without time zone,
    work_description character varying(255),
    club_id bigint,
    manager_id bigint,
    mechanic_id bigint
);


ALTER TABLE public.maintenance_history OWNER TO "BM_apps";

--
-- TOC entry 240 (class 1259 OID 17567)
-- Name: maintenance_history_history_id_seq1; Type: SEQUENCE; Schema: public; Owner: BM_apps
--

ALTER TABLE public.maintenance_history ALTER COLUMN history_id ADD GENERATED BY DEFAULT AS IDENTITY (
    SEQUENCE NAME public.maintenance_history_history_id_seq1
    START WITH 1
    INCREMENT BY 1
    NO MINVALUE
    NO MAXVALUE
    CACHE 1
);


--
-- TOC entry 243 (class 1259 OID 17576)
-- Name: maintenance_requests; Type: TABLE; Schema: public; Owner: BM_apps
--

CREATE TABLE public.maintenance_requests (
    request_id bigint NOT NULL,
    assigned_agent_id bigint,
    completion_date timestamp(6) without time zone,
    lane_number integer,
    manager_decision_date timestamp(6) without time zone,
    manager_notes character varying(255),
    published_at timestamp(6) without time zone,
    request_date timestamp(6) without time zone,
    status character varying(255),
    verification_status character varying(255),
    club_id bigint,
    mechanic_id bigint,
    request_reason character varying(255),
    CONSTRAINT maintenance_requests_status_check1 CHECK (((status)::text = ANY (ARRAY['UNDER_REVIEW'::text, 'PARTIALLY_APPROVED'::text, 'NEW'::text, 'APPROVED'::text, 'IN_PROGRESS'::text, 'DONE'::text, 'CLOSED'::text, 'UNREPAIRABLE'::text])))
);


ALTER TABLE public.maintenance_requests OWNER TO "BM_apps";

--
-- TOC entry 242 (class 1259 OID 17575)
-- Name: maintenance_requests_request_id_seq1; Type: SEQUENCE; Schema: public; Owner: BM_apps
--

ALTER TABLE public.maintenance_requests ALTER COLUMN request_id ADD GENERATED BY DEFAULT AS IDENTITY (
    SEQUENCE NAME public.maintenance_requests_request_id_seq1
    START WITH 1
    INCREMENT BY 1
    NO MINVALUE
    NO MAXVALUE
    CACHE 1
);


--
-- TOC entry 287 (class 1259 OID 18001)
-- Name: manager_profiles; Type: TABLE; Schema: public; Owner: BM_apps
--

CREATE TABLE public.manager_profiles (
    manager_id bigint NOT NULL,
    user_id bigint NOT NULL,
    club_id bigint,
    full_name character varying(255),
    contact_phone character varying(255),
    contact_email character varying(255),
    is_data_verified boolean DEFAULT false,
    created_at timestamp without time zone DEFAULT CURRENT_TIMESTAMP,
    updated_at timestamp without time zone DEFAULT CURRENT_TIMESTAMP
);


ALTER TABLE public.manager_profiles OWNER TO "BM_apps";

--
-- TOC entry 286 (class 1259 OID 18000)
-- Name: manager_profiles_manager_id_seq1; Type: SEQUENCE; Schema: public; Owner: BM_apps
--

CREATE SEQUENCE public.manager_profiles_manager_id_seq1
    START WITH 1
    INCREMENT BY 1
    NO MINVALUE
    NO MAXVALUE
    CACHE 1;


ALTER SEQUENCE public.manager_profiles_manager_id_seq1 OWNER TO "BM_apps";

--
-- TOC entry 4116 (class 0 OID 0)
-- Dependencies: 286
-- Name: manager_profiles_manager_id_seq1; Type: SEQUENCE OWNED BY; Schema: public; Owner: BM_apps
--

ALTER SEQUENCE public.manager_profiles_manager_id_seq1 OWNED BY public.manager_profiles.manager_id;


--
-- TOC entry 245 (class 1259 OID 17593)
-- Name: manufacturer; Type: TABLE; Schema: public; Owner: BM_apps
--

CREATE TABLE public.manufacturer (
    manufacturer_id integer NOT NULL,
    name character varying(255) NOT NULL
);


ALTER TABLE public.manufacturer OWNER TO "BM_apps";

--
-- TOC entry 244 (class 1259 OID 17592)
-- Name: manufacturer_manufacturer_id_seq1; Type: SEQUENCE; Schema: public; Owner: BM_apps
--

ALTER TABLE public.manufacturer ALTER COLUMN manufacturer_id ADD GENERATED BY DEFAULT AS IDENTITY (
    SEQUENCE NAME public.manufacturer_manufacturer_id_seq1
    START WITH 1
    INCREMENT BY 1
    NO MINVALUE
    NO MAXVALUE
    CACHE 1
);


--
-- TOC entry 296 (class 1259 OID 18317)
-- Name: mechanic_certifications; Type: TABLE; Schema: public; Owner: BM_apps
--

CREATE TABLE public.mechanic_certifications (
    certification_id bigint NOT NULL,
    credential_url character varying(255),
    description character varying(255),
    expiration_date date,
    issue_date date,
    issuer character varying(255),
    title character varying(255),
    mechanic_profile_id bigint NOT NULL
);


ALTER TABLE public.mechanic_certifications OWNER TO "BM_apps";

--
-- TOC entry 295 (class 1259 OID 18316)
-- Name: mechanic_certifications_certification_id_seq; Type: SEQUENCE; Schema: public; Owner: BM_apps
--

ALTER TABLE public.mechanic_certifications ALTER COLUMN certification_id ADD GENERATED BY DEFAULT AS IDENTITY (
    SEQUENCE NAME public.mechanic_certifications_certification_id_seq
    START WITH 1
    INCREMENT BY 1
    NO MINVALUE
    NO MAXVALUE
    CACHE 1
);


--
-- TOC entry 247 (class 1259 OID 17599)
-- Name: mechanic_profiles; Type: TABLE; Schema: public; Owner: BM_apps
--

CREATE TABLE public.mechanic_profiles (
    profile_id bigint NOT NULL,
    advantages character varying(255),
    birth_date date,
    bowling_experience_years integer,
    created_at date,
    education_level_id integer,
    educational_institution character varying(255),
    full_name character varying(255),
    is_data_verified boolean,
    is_entrepreneur boolean,
    rating double precision,
    skills character varying(255),
    specialization_id integer,
    total_experience_years integer,
    updated_at date NOT NULL,
    verification_date date,
    work_periods text,
    work_places text,
    user_id bigint,
    region character varying(255)
);


ALTER TABLE public.mechanic_profiles OWNER TO "BM_apps";

--
-- TOC entry 246 (class 1259 OID 17598)
-- Name: mechanic_profiles_profile_id_seq1; Type: SEQUENCE; Schema: public; Owner: BM_apps
--

ALTER TABLE public.mechanic_profiles ALTER COLUMN profile_id ADD GENERATED BY DEFAULT AS IDENTITY (
    SEQUENCE NAME public.mechanic_profiles_profile_id_seq1
    START WITH 1
    INCREMENT BY 1
    NO MINVALUE
    NO MAXVALUE
    CACHE 1
);


--
-- TOC entry 249 (class 1259 OID 17607)
-- Name: mechanic_work_history; Type: TABLE; Schema: public; Owner: BM_apps
--

CREATE TABLE public.mechanic_work_history (
    history_id bigint NOT NULL,
    description character varying(255),
    end_date date,
    is_verified boolean,
    "position" character varying(255),
    profile_id bigint,
    start_date date,
    workplace character varying(255),
    organization character varying(255),
    mechanic_profile_id bigint NOT NULL
);


ALTER TABLE public.mechanic_work_history OWNER TO "BM_apps";

--
-- TOC entry 248 (class 1259 OID 17606)
-- Name: mechanic_work_history_history_id_seq1; Type: SEQUENCE; Schema: public; Owner: BM_apps
--

ALTER TABLE public.mechanic_work_history ALTER COLUMN history_id ADD GENERATED BY DEFAULT AS IDENTITY (
    SEQUENCE NAME public.mechanic_work_history_history_id_seq1
    START WITH 1
    INCREMENT BY 1
    NO MINVALUE
    NO MAXVALUE
    CACHE 1
);


--
-- TOC entry 251 (class 1259 OID 17615)
-- Name: part_images; Type: TABLE; Schema: public; Owner: BM_apps
--

CREATE TABLE public.part_images (
    image_id bigint NOT NULL,
    catalog_id bigint,
    image_url character varying(255)
);


ALTER TABLE public.part_images OWNER TO "BM_apps";

--
-- TOC entry 250 (class 1259 OID 17614)
-- Name: part_images_image_id_seq1; Type: SEQUENCE; Schema: public; Owner: BM_apps
--

ALTER TABLE public.part_images ALTER COLUMN image_id ADD GENERATED BY DEFAULT AS IDENTITY (
    SEQUENCE NAME public.part_images_image_id_seq1
    START WITH 1
    INCREMENT BY 1
    NO MINVALUE
    NO MAXVALUE
    CACHE 1
);


--
-- TOC entry 253 (class 1259 OID 17621)
-- Name: part_locations; Type: TABLE; Schema: public; Owner: BM_apps
--

CREATE TABLE public.part_locations (
    location_id integer NOT NULL,
    is_central boolean,
    location_description character varying(255),
    name character varying(255) NOT NULL,
    warehouse_id integer
);


ALTER TABLE public.part_locations OWNER TO "BM_apps";

--
-- TOC entry 252 (class 1259 OID 17620)
-- Name: part_locations_location_id_seq1; Type: SEQUENCE; Schema: public; Owner: BM_apps
--

ALTER TABLE public.part_locations ALTER COLUMN location_id ADD GENERATED BY DEFAULT AS IDENTITY (
    SEQUENCE NAME public.part_locations_location_id_seq1
    START WITH 1
    INCREMENT BY 1
    NO MINVALUE
    NO MAXVALUE
    CACHE 1
);


--
-- TOC entry 255 (class 1259 OID 17629)
-- Name: parts_catalog; Type: TABLE; Schema: public; Owner: BM_apps
--

CREATE TABLE public.parts_catalog (
    catalog_id bigint NOT NULL,
    catalog_number character varying(255),
    common_name character varying(255),
    description character varying(255),
    is_unique boolean,
    normal_service_life integer,
    official_name_en character varying(255),
    official_name_ru character varying(255),
    unit character varying(255),
    manufacturer_id integer,
    category_code character varying(255)
);


ALTER TABLE public.parts_catalog OWNER TO "BM_apps";

--
-- TOC entry 254 (class 1259 OID 17628)
-- Name: parts_catalog_catalog_id_seq1; Type: SEQUENCE; Schema: public; Owner: BM_apps
--

ALTER TABLE public.parts_catalog ALTER COLUMN catalog_id ADD GENERATED BY DEFAULT AS IDENTITY (
    SEQUENCE NAME public.parts_catalog_catalog_id_seq1
    START WITH 1
    INCREMENT BY 1
    NO MINVALUE
    NO MAXVALUE
    CACHE 1
);


--
-- TOC entry 257 (class 1259 OID 17637)
-- Name: password_reset_tokens; Type: TABLE; Schema: public; Owner: BM_apps
--

CREATE TABLE public.password_reset_tokens (
    id bigint NOT NULL,
    created_at timestamp(6) without time zone NOT NULL,
    expires_at timestamp(6) without time zone NOT NULL,
    token character varying(128) NOT NULL,
    used boolean NOT NULL,
    user_id bigint NOT NULL
);


ALTER TABLE public.password_reset_tokens OWNER TO "BM_apps";

--
-- TOC entry 256 (class 1259 OID 17636)
-- Name: password_reset_tokens_id_seq1; Type: SEQUENCE; Schema: public; Owner: BM_apps
--

ALTER TABLE public.password_reset_tokens ALTER COLUMN id ADD GENERATED BY DEFAULT AS IDENTITY (
    SEQUENCE NAME public.password_reset_tokens_id_seq1
    START WITH 1
    INCREMENT BY 1
    NO MINVALUE
    NO MAXVALUE
    CACHE 1
);


--
-- TOC entry 298 (class 1259 OID 18337)
-- Name: personal_warehouses; Type: TABLE; Schema: public; Owner: BM_apps
--

CREATE TABLE public.personal_warehouses (
    warehouse_id integer NOT NULL,
    created_at timestamp(6) without time zone NOT NULL,
    is_active boolean NOT NULL,
    location character varying(255),
    name character varying(255) NOT NULL,
    updated_at timestamp(6) without time zone NOT NULL,
    mechanic_profile_id bigint NOT NULL
);


ALTER TABLE public.personal_warehouses OWNER TO "BM_apps";

--
-- TOC entry 297 (class 1259 OID 18336)
-- Name: personal_warehouses_warehouse_id_seq; Type: SEQUENCE; Schema: public; Owner: BM_apps
--

ALTER TABLE public.personal_warehouses ALTER COLUMN warehouse_id ADD GENERATED BY DEFAULT AS IDENTITY (
    SEQUENCE NAME public.personal_warehouses_warehouse_id_seq
    START WITH 1
    INCREMENT BY 1
    NO MINVALUE
    NO MAXVALUE
    CACHE 1
);


--
-- TOC entry 259 (class 1259 OID 17643)
-- Name: purchase_orders; Type: TABLE; Schema: public; Owner: BM_apps
--

CREATE TABLE public.purchase_orders (
    order_id bigint NOT NULL,
    actual_delivery_date timestamp(6) without time zone,
    expected_delivery_date timestamp(6) without time zone,
    order_date timestamp(6) without time zone NOT NULL,
    status character varying(255) NOT NULL,
    request_id bigint NOT NULL,
    supplier_id bigint NOT NULL,
    CONSTRAINT purchase_orders_status_check1 CHECK (((status)::text = ANY ((ARRAY['PENDING'::character varying, 'CONFIRMED'::character varying, 'REJECTED'::character varying, 'PARTIALLY_COMPLETED'::character varying, 'COMPLETED'::character varying, 'CANCELED'::character varying])::text[])))
);


ALTER TABLE public.purchase_orders OWNER TO "BM_apps";

--
-- TOC entry 258 (class 1259 OID 17642)
-- Name: purchase_orders_order_id_seq1; Type: SEQUENCE; Schema: public; Owner: BM_apps
--

ALTER TABLE public.purchase_orders ALTER COLUMN order_id ADD GENERATED BY DEFAULT AS IDENTITY (
    SEQUENCE NAME public.purchase_orders_order_id_seq1
    START WITH 1
    INCREMENT BY 1
    NO MINVALUE
    NO MAXVALUE
    CACHE 1
);


--
-- TOC entry 220 (class 1259 OID 17429)
-- Name: refresh_tokens; Type: TABLE; Schema: public; Owner: BM_apps
--

CREATE TABLE public.refresh_tokens (
    refresh_token_id bigint NOT NULL,
    expires_at timestamp(6) without time zone NOT NULL,
    issued_at timestamp(6) without time zone NOT NULL,
    replaced_by_token_hash character varying(128),
    revocation_reason character varying(255),
    revoked boolean NOT NULL,
    revoked_at timestamp(6) without time zone,
    token_hash character varying(128) NOT NULL,
    user_id bigint NOT NULL
);


ALTER TABLE public.refresh_tokens OWNER TO "BM_apps";

--
-- TOC entry 219 (class 1259 OID 17428)
-- Name: refresh_tokens_refresh_token_id_seq; Type: SEQUENCE; Schema: public; Owner: BM_apps
--

ALTER TABLE public.refresh_tokens ALTER COLUMN refresh_token_id ADD GENERATED BY DEFAULT AS IDENTITY (
    SEQUENCE NAME public.refresh_tokens_refresh_token_id_seq
    START WITH 1
    INCREMENT BY 1
    NO MINVALUE
    NO MAXVALUE
    CACHE 1
);


--
-- TOC entry 261 (class 1259 OID 17650)
-- Name: request_parts; Type: TABLE; Schema: public; Owner: BM_apps
--

CREATE TABLE public.request_parts (
    part_id bigint NOT NULL,
    catalog_id bigint,
    catalog_number character varying(255),
    delivery_date timestamp(6) without time zone,
    inventory_id bigint,
    inventory_location character varying(255),
    issue_date timestamp(6) without time zone,
    order_date timestamp(6) without time zone,
    part_name character varying(255),
    quantity integer,
    rejection_reason character varying(255),
    status character varying(255),
    supplier_id bigint,
    warehouse_id integer,
    order_id bigint,
    request_id bigint,
    is_available boolean,
    acceptance_comment character varying(255),
    acceptance_date timestamp(6) without time zone,
    accepted_quantity integer,
    help_requested boolean,
    CONSTRAINT request_parts_status_check1 CHECK (((status)::text = ANY (ARRAY['ORDERED'::text, 'DELIVERED'::text, 'INSTALLED'::text, 'ACCEPTED'::text, 'PARTIALLY_ACCEPTED'::text, 'APPROVAL_PENDING'::text, 'APPROVED_FOR_ISSUE'::text, 'REJECTED'::text])))
);


ALTER TABLE public.request_parts OWNER TO "BM_apps";

--
-- TOC entry 260 (class 1259 OID 17649)
-- Name: request_parts_part_id_seq1; Type: SEQUENCE; Schema: public; Owner: BM_apps
--

ALTER TABLE public.request_parts ALTER COLUMN part_id ADD GENERATED BY DEFAULT AS IDENTITY (
    SEQUENCE NAME public.request_parts_part_id_seq1
    START WITH 1
    INCREMENT BY 1
    NO MINVALUE
    NO MAXVALUE
    CACHE 1
);


--
-- TOC entry 263 (class 1259 OID 17659)
-- Name: role; Type: TABLE; Schema: public; Owner: BM_apps
--

CREATE TABLE public.role (
    role_id bigint NOT NULL,
    name character varying(255) NOT NULL
);


ALTER TABLE public.role OWNER TO "BM_apps";

--
-- TOC entry 262 (class 1259 OID 17658)
-- Name: role_role_id_seq1; Type: SEQUENCE; Schema: public; Owner: BM_apps
--

ALTER TABLE public.role ALTER COLUMN role_id ADD GENERATED BY DEFAULT AS IDENTITY (
    SEQUENCE NAME public.role_role_id_seq1
    START WITH 1
    INCREMENT BY 1
    NO MINVALUE
    NO MAXVALUE
    CACHE 1
);


--
-- TOC entry 265 (class 1259 OID 17665)
-- Name: service_history; Type: TABLE; Schema: public; Owner: BM_apps
--

CREATE TABLE public.service_history (
    service_id bigint NOT NULL,
    created_by bigint,
    created_date timestamp(6) without time zone,
    description text,
    documents text,
    labor_hours double precision,
    lane_number integer,
    next_service_due timestamp(6) without time zone,
    parts_replaced text,
    performance_metrics text,
    photos text,
    service_date timestamp(6) without time zone,
    service_notes text,
    service_type character varying(255),
    total_cost double precision,
    warranty_until timestamp(6) without time zone,
    club_id bigint,
    equipment_id bigint,
    performed_by bigint,
    supervised_by bigint,
    CONSTRAINT service_history_service_type_check1 CHECK (((service_type)::text = ANY ((ARRAY['SCHEDULED_MAINTENANCE'::character varying, 'EMERGENCY_SERVICE'::character varying, 'REPAIR'::character varying, 'INSTALLATION'::character varying, 'REPLACEMENT'::character varying, 'INSPECTION'::character varying, 'CALIBRATION'::character varying, 'CLEANING'::character varying, 'UPGRADE'::character varying, 'WARRANTY_SERVICE'::character varying])::text[])))
);


ALTER TABLE public.service_history OWNER TO "BM_apps";

--
-- TOC entry 267 (class 1259 OID 17674)
-- Name: service_history_parts; Type: TABLE; Schema: public; Owner: BM_apps
--

CREATE TABLE public.service_history_parts (
    id bigint NOT NULL,
    catalog_number character varying(255),
    created_date timestamp(6) without time zone,
    installation_notes text,
    part_name character varying(255),
    quantity integer,
    supplier_id bigint,
    total_cost double precision,
    unit_cost double precision,
    warranty_months integer,
    part_catalog_id bigint,
    service_history_id bigint
);


ALTER TABLE public.service_history_parts OWNER TO "BM_apps";

--
-- TOC entry 266 (class 1259 OID 17673)
-- Name: service_history_parts_id_seq1; Type: SEQUENCE; Schema: public; Owner: BM_apps
--

ALTER TABLE public.service_history_parts ALTER COLUMN id ADD GENERATED BY DEFAULT AS IDENTITY (
    SEQUENCE NAME public.service_history_parts_id_seq1
    START WITH 1
    INCREMENT BY 1
    NO MINVALUE
    NO MAXVALUE
    CACHE 1
);


--
-- TOC entry 264 (class 1259 OID 17664)
-- Name: service_history_service_id_seq1; Type: SEQUENCE; Schema: public; Owner: BM_apps
--

ALTER TABLE public.service_history ALTER COLUMN service_id ADD GENERATED BY DEFAULT AS IDENTITY (
    SEQUENCE NAME public.service_history_service_id_seq1
    START WITH 1
    INCREMENT BY 1
    NO MINVALUE
    NO MAXVALUE
    CACHE 1
);


--
-- TOC entry 269 (class 1259 OID 17682)
-- Name: specialization; Type: TABLE; Schema: public; Owner: BM_apps
--

CREATE TABLE public.specialization (
    specialization_id integer NOT NULL,
    name character varying(255) NOT NULL
);


ALTER TABLE public.specialization OWNER TO "BM_apps";

--
-- TOC entry 268 (class 1259 OID 17681)
-- Name: specialization_specialization_id_seq1; Type: SEQUENCE; Schema: public; Owner: BM_apps
--

ALTER TABLE public.specialization ALTER COLUMN specialization_id ADD GENERATED BY DEFAULT AS IDENTITY (
    SEQUENCE NAME public.specialization_specialization_id_seq1
    START WITH 1
    INCREMENT BY 1
    NO MINVALUE
    NO MAXVALUE
    CACHE 1
);


--
-- TOC entry 271 (class 1259 OID 17688)
-- Name: supplier_reviews; Type: TABLE; Schema: public; Owner: BM_apps
--

CREATE TABLE public.supplier_reviews (
    review_id bigint NOT NULL,
    club_id bigint,
    comment character varying(255),
    complaint_resolved boolean,
    is_complaint boolean,
    rating integer,
    review_date timestamp(6) without time zone,
    supplier_id bigint,
    user_id bigint,
    complaint_status character varying(255),
    complaint_title character varying(255),
    resolution_notes character varying(255),
    order_id bigint,
    CONSTRAINT supplier_reviews_complaint_status_check CHECK (((complaint_status)::text = ANY ((ARRAY['DRAFT'::character varying, 'SENT'::character varying, 'IN_PROGRESS'::character varying, 'RESOLVED'::character varying, 'CLOSED'::character varying])::text[])))
);


ALTER TABLE public.supplier_reviews OWNER TO "BM_apps";

--
-- TOC entry 270 (class 1259 OID 17687)
-- Name: supplier_reviews_review_id_seq1; Type: SEQUENCE; Schema: public; Owner: BM_apps
--

ALTER TABLE public.supplier_reviews ALTER COLUMN review_id ADD GENERATED BY DEFAULT AS IDENTITY (
    SEQUENCE NAME public.supplier_reviews_review_id_seq1
    START WITH 1
    INCREMENT BY 1
    NO MINVALUE
    NO MAXVALUE
    CACHE 1
);


--
-- TOC entry 273 (class 1259 OID 17694)
-- Name: suppliers; Type: TABLE; Schema: public; Owner: BM_apps
--

CREATE TABLE public.suppliers (
    supplier_id bigint NOT NULL,
    contact_email character varying(255),
    contact_person character varying(255),
    contact_phone character varying(255),
    created_at timestamp(6) without time zone,
    inn character varying(255),
    is_verified boolean,
    legal_name character varying(255),
    rating double precision,
    updated_at timestamp(6) without time zone
);


ALTER TABLE public.suppliers OWNER TO "BM_apps";

--
-- TOC entry 272 (class 1259 OID 17693)
-- Name: suppliers_supplier_id_seq1; Type: SEQUENCE; Schema: public; Owner: BM_apps
--

ALTER TABLE public.suppliers ALTER COLUMN supplier_id ADD GENERATED BY DEFAULT AS IDENTITY (
    SEQUENCE NAME public.suppliers_supplier_id_seq1
    START WITH 1
    INCREMENT BY 1
    NO MINVALUE
    NO MAXVALUE
    CACHE 1
);


--
-- TOC entry 275 (class 1259 OID 17702)
-- Name: technical_documents; Type: TABLE; Schema: public; Owner: BM_apps
--

CREATE TABLE public.technical_documents (
    document_id bigint NOT NULL,
    description character varying(255),
    equipment_model character varying(255),
    file_url character varying(255) NOT NULL,
    language character varying(255),
    title character varying(255) NOT NULL,
    upload_date timestamp(6) without time zone NOT NULL,
    uploaded_by bigint,
    access_level_id integer,
    document_type_id integer NOT NULL,
    manufacturer_id integer,
    file_data bytea,
    file_name character varying(255),
    file_size bigint,
    club_id bigint NOT NULL
);


ALTER TABLE public.technical_documents OWNER TO "BM_apps";

--
-- TOC entry 274 (class 1259 OID 17701)
-- Name: technical_documents_document_id_seq1; Type: SEQUENCE; Schema: public; Owner: BM_apps
--

ALTER TABLE public.technical_documents ALTER COLUMN document_id ADD GENERATED BY DEFAULT AS IDENTITY (
    SEQUENCE NAME public.technical_documents_document_id_seq1
    START WITH 1
    INCREMENT BY 1
    NO MINVALUE
    NO MAXVALUE
    CACHE 1
);


--
-- TOC entry 277 (class 1259 OID 17710)
-- Name: users; Type: TABLE; Schema: public; Owner: BM_apps
--

CREATE TABLE public.users (
    user_id bigint NOT NULL,
    is_active boolean NOT NULL,
    is_verified boolean NOT NULL,
    last_modified timestamp(6) without time zone,
    password_hash character varying(255) NOT NULL,
    phone character varying(20) NOT NULL,
    registration_date date NOT NULL,
    version bigint,
    account_type_id bigint NOT NULL,
    role_id bigint NOT NULL
);


ALTER TABLE public.users OWNER TO "BM_apps";

--
-- TOC entry 276 (class 1259 OID 17709)
-- Name: users_user_id_seq1; Type: SEQUENCE; Schema: public; Owner: BM_apps
--

ALTER TABLE public.users ALTER COLUMN user_id ADD GENERATED BY DEFAULT AS IDENTITY (
    SEQUENCE NAME public.users_user_id_seq1
    START WITH 1
    INCREMENT BY 1
    NO MINVALUE
    NO MAXVALUE
    CACHE 1
);


--
-- TOC entry 279 (class 1259 OID 17716)
-- Name: warehouse_inventory; Type: TABLE; Schema: public; Owner: BM_apps
--

CREATE TABLE public.warehouse_inventory (
    inventory_id bigint NOT NULL,
    catalog_id integer,
    is_unique boolean,
    last_checked date,
    location_reference character varying(255),
    notes character varying(255),
    quantity integer,
    warehouse_id integer,
    cell_code character varying(255),
    lane_number integer,
    placement_status character varying(255),
    reserved_quantity integer,
    shelf_code character varying(255)
);


ALTER TABLE public.warehouse_inventory OWNER TO "BM_apps";

--
-- TOC entry 278 (class 1259 OID 17715)
-- Name: warehouse_inventory_inventory_id_seq1; Type: SEQUENCE; Schema: public; Owner: BM_apps
--

ALTER TABLE public.warehouse_inventory ALTER COLUMN inventory_id ADD GENERATED BY DEFAULT AS IDENTITY (
    SEQUENCE NAME public.warehouse_inventory_inventory_id_seq1
    START WITH 1
    INCREMENT BY 1
    NO MINVALUE
    NO MAXVALUE
    CACHE 1
);


--
-- TOC entry 281 (class 1259 OID 17724)
-- Name: work_log_part_usage; Type: TABLE; Schema: public; Owner: BM_apps
--

CREATE TABLE public.work_log_part_usage (
    usage_id bigint NOT NULL,
    catalog_number character varying(255),
    created_by bigint,
    created_date timestamp(6) without time zone,
    installed_date timestamp(6) without time zone,
    invoice_number character varying(255),
    notes text,
    part_name character varying(255),
    quantity_used integer,
    sourced_from character varying(255),
    supplier_id bigint,
    total_cost double precision,
    unit_cost double precision,
    warranty_months integer,
    part_catalog_id bigint,
    work_log_id bigint
);


ALTER TABLE public.work_log_part_usage OWNER TO "BM_apps";

--
-- TOC entry 280 (class 1259 OID 17723)
-- Name: work_log_part_usage_usage_id_seq1; Type: SEQUENCE; Schema: public; Owner: BM_apps
--

ALTER TABLE public.work_log_part_usage ALTER COLUMN usage_id ADD GENERATED BY DEFAULT AS IDENTITY (
    SEQUENCE NAME public.work_log_part_usage_usage_id_seq1
    START WITH 1
    INCREMENT BY 1
    NO MINVALUE
    NO MAXVALUE
    CACHE 1
);


--
-- TOC entry 283 (class 1259 OID 17732)
-- Name: work_log_status_history; Type: TABLE; Schema: public; Owner: BM_apps
--

CREATE TABLE public.work_log_status_history (
    history_id bigint NOT NULL,
    additional_notes text,
    changed_date timestamp(6) without time zone,
    new_status character varying(255),
    previous_status character varying(255),
    reason text,
    changed_by bigint,
    work_log_id bigint,
    CONSTRAINT work_log_status_history_new_status_check1 CHECK (((new_status)::text = ANY ((ARRAY['CREATED'::character varying, 'ASSIGNED'::character varying, 'IN_PROGRESS'::character varying, 'ON_HOLD'::character varying, 'COMPLETED'::character varying, 'VERIFIED'::character varying, 'CLOSED'::character varying, 'CANCELLED'::character varying])::text[]))),
    CONSTRAINT work_log_status_history_previous_status_check1 CHECK (((previous_status)::text = ANY ((ARRAY['CREATED'::character varying, 'ASSIGNED'::character varying, 'IN_PROGRESS'::character varying, 'ON_HOLD'::character varying, 'COMPLETED'::character varying, 'VERIFIED'::character varying, 'CLOSED'::character varying, 'CANCELLED'::character varying])::text[])))
);


ALTER TABLE public.work_log_status_history OWNER TO "BM_apps";

--
-- TOC entry 282 (class 1259 OID 17731)
-- Name: work_log_status_history_history_id_seq1; Type: SEQUENCE; Schema: public; Owner: BM_apps
--

ALTER TABLE public.work_log_status_history ALTER COLUMN history_id ADD GENERATED BY DEFAULT AS IDENTITY (
    SEQUENCE NAME public.work_log_status_history_history_id_seq1
    START WITH 1
    INCREMENT BY 1
    NO MINVALUE
    NO MAXVALUE
    CACHE 1
);


--
-- TOC entry 285 (class 1259 OID 17742)
-- Name: work_logs; Type: TABLE; Schema: public; Owner: BM_apps
--

CREATE TABLE public.work_logs (
    log_id bigint NOT NULL,
    actual_hours double precision,
    approval_date timestamp(6) without time zone,
    completed_date timestamp(6) without time zone,
    created_by bigint,
    created_date timestamp(6) without time zone,
    customer_satisfaction integer,
    estimated_hours double precision,
    is_manual_edit boolean,
    labor_cost double precision,
    lane_number integer,
    manager_notes text,
    manual_edit_reason character varying(255),
    modified_by bigint,
    modified_date timestamp(6) without time zone,
    next_service_date timestamp(6) without time zone,
    photos text,
    priority integer,
    problem_description text,
    quality_rating integer,
    solution_description text,
    started_date timestamp(6) without time zone,
    status character varying(255),
    total_cost double precision,
    total_parts_cost double precision,
    version bigint,
    warranty_period_months integer,
    work_performed text,
    work_type character varying(255),
    approved_by bigint,
    club_id bigint,
    equipment_id bigint,
    maintenance_request_id bigint,
    mechanic_id bigint,
    CONSTRAINT work_logs_status_check1 CHECK (((status)::text = ANY ((ARRAY['CREATED'::character varying, 'ASSIGNED'::character varying, 'IN_PROGRESS'::character varying, 'ON_HOLD'::character varying, 'COMPLETED'::character varying, 'VERIFIED'::character varying, 'CLOSED'::character varying, 'CANCELLED'::character varying])::text[]))),
    CONSTRAINT work_logs_work_type_check1 CHECK (((work_type)::text = ANY ((ARRAY['PREVENTIVE_MAINTENANCE'::character varying, 'CORRECTIVE_MAINTENANCE'::character varying, 'EMERGENCY_REPAIR'::character varying, 'INSTALLATION'::character varying, 'REPLACEMENT'::character varying, 'INSPECTION'::character varying, 'CLEANING'::character varying, 'CALIBRATION'::character varying, 'UPGRADE'::character varying, 'OTHER'::character varying])::text[])))
);


ALTER TABLE public.work_logs OWNER TO "BM_apps";

--
-- TOC entry 284 (class 1259 OID 17741)
-- Name: work_logs_log_id_seq1; Type: SEQUENCE; Schema: public; Owner: BM_apps
--

ALTER TABLE public.work_logs ALTER COLUMN log_id ADD GENERATED BY DEFAULT AS IDENTITY (
    SEQUENCE NAME public.work_logs_log_id_seq1
    START WITH 1
    INCREMENT BY 1
    NO MINVALUE
    NO MAXVALUE
    CACHE 1
);


--
-- TOC entry 3717 (class 2604 OID 18004)
-- Name: manager_profiles manager_id; Type: DEFAULT; Schema: public; Owner: BM_apps
--

ALTER TABLE ONLY public.manager_profiles ALTER COLUMN manager_id SET DEFAULT nextval('public.manager_profiles_manager_id_seq1'::regclass);


--
-- TOC entry 4029 (class 0 OID 17489)
-- Dependencies: 221
-- Data for Name: access_level; Type: TABLE DATA; Schema: public; Owner: BM_apps
--

COPY public.access_level (access_level_id, name) FROM stdin;
1	Общий доступ
\.


--
-- TOC entry 4030 (class 0 OID 17494)
-- Dependencies: 222
-- Data for Name: account_type; Type: TABLE DATA; Schema: public; Owner: BM_apps
--

COPY public.account_type (account_type_id, name) FROM stdin;
1	INDIVIDUAL
2	CLUB_OWNER
\.


--
-- TOC entry 4026 (class 0 OID 17397)
-- Dependencies: 218
-- Data for Name: administrator_profiles; Type: TABLE DATA; Schema: public; Owner: BM_apps
--

COPY public.administrator_profiles (administrator_id, contact_email, contact_phone, created_at, full_name, is_data_verified, updated_at, club_id, user_id) FROM stdin;
1	admin@mail.ru	+79802479003	2025-10-29 09:43:36.9286	Администраторов Никита Андреевич	f	2025-10-29 09:43:36.9286	1	57
\.


--
-- TOC entry 4102 (class 0 OID 18307)
-- Dependencies: 294
-- Data for Name: attestation_applications; Type: TABLE DATA; Schema: public; Owner: BM_apps
--

COPY public.attestation_applications (application_id, comment, requested_grade, status, submitted_at, updated_at, club_id, mechanic_profile_id, user_id) FROM stdin;
\.


--
-- TOC entry 4031 (class 0 OID 17499)
-- Dependencies: 223
-- Data for Name: bowling_clubs; Type: TABLE DATA; Schema: public; Owner: BM_apps
--

COPY public.bowling_clubs (club_id, address, contact_email, contact_phone, created_at, is_active, is_verified, lanes_count, name, updated_at, verification_date, owner_id) FROM stdin;
1	г. Воронеж, ул. Пушкинская, д. 5	owner@mail.ru	+79990009999	2025-10-29	t	f	16	Барсук	2025-10-29	\N	1
2	г. Воронеж ул. Московский проспект д. 1	bestowner@mail.ru	+79632587411	2025-10-29	t	f	10	Млечный путь	2025-10-29	\N	2
3	Воронеж, Машино	gooo@ghj.ru	+75555555555	2025-10-30	t	f	12	Шаровая молния	2025-10-30	\N	3
4	Воронеж	gmail@gmail.com	+79101337228	2025-10-31	t	f	6	Митбоулинг Клуб	2025-10-31	\N	4
5	Воронеж, Ямное	go@go.ru	+79204055555	2025-11-06	t	f	36	Наш слон	2025-11-06	\N	5
6	Воронеж, Ленина, 1	bow@mail.ru	+76666566666	2025-11-25	t	f	10	Шары и кегли	2025-11-25	\N	6
\.


--
-- TOC entry 4032 (class 0 OID 17507)
-- Dependencies: 224
-- Data for Name: club_equipment; Type: TABLE DATA; Schema: public; Owner: BM_apps
--

COPY public.club_equipment (equipment_id, condition_percentage, lanes_count, last_maintenance_date, model, next_maintenance_date, notes, other_manufacturer_name, production_year, club_id, manufacturer_id) FROM stdin;
\.


--
-- TOC entry 4033 (class 0 OID 17514)
-- Dependencies: 225
-- Data for Name: club_equipment_types; Type: TABLE DATA; Schema: public; Owner: BM_apps
--

COPY public.club_equipment_types (id, lanes_count, other_name, club_id, equipment_type_id) FROM stdin;
\.


--
-- TOC entry 4034 (class 0 OID 17519)
-- Dependencies: 226
-- Data for Name: club_invitations; Type: TABLE DATA; Schema: public; Owner: BM_apps
--

COPY public.club_invitations (id, status, club_id, mechanic_id) FROM stdin;
\.


--
-- TOC entry 4035 (class 0 OID 17524)
-- Dependencies: 227
-- Data for Name: club_mechanics; Type: TABLE DATA; Schema: public; Owner: BM_apps
--

COPY public.club_mechanics (mechanic_profile_id, club_id) FROM stdin;
1	1
2	2
3	1
4	2
5	2
6	1
7	2
8	1
10	1
13	1
14	1
16	1
17	3
20	2
21	5
22	1
24	6
\.


--
-- TOC entry 4037 (class 0 OID 17528)
-- Dependencies: 229
-- Data for Name: club_owners; Type: TABLE DATA; Schema: public; Owner: BM_apps
--

COPY public.club_owners (owner_id, contact_email, contact_person, contact_phone, created_at, inn, is_data_verified, legal_name, updated_at, verification_date, user_id) FROM stdin;
1	owner@mail.ru	Владельцев Игорь Валерьевич	+79990009999	2025-10-29	3270128329	f	Барсук	2025-10-29	\N	1
2	bestowner@mail.ru	Иванов Иван Иванович	+79632587411	2025-10-29	1234567890	f	Млечный путь	2025-10-29	\N	58
3	gooo@ghj.ru	е	+75555555555	2025-10-30	3528895535	f	Шаровая молния	2025-10-30	\N	65
4	gmail@gmail.com	Аниме	+79101337228	2025-10-31	3661001000	f	Митбоулинг Клуб	2025-10-31	\N	75
5	go@go.ru	Петухов П.П.	+79204055555	2025-11-06	3635258569	f	Наш слон	2025-11-06	\N	82
6	bow@mail.ru	ООО БОУЛИНГ	+76666566666	2025-11-25	6566666666	f	Шары и кегли	2025-11-25	\N	88
\.


--
-- TOC entry 4039 (class 0 OID 17536)
-- Dependencies: 231
-- Data for Name: club_staff; Type: TABLE DATA; Schema: public; Owner: BM_apps
--

COPY public.club_staff (staff_id, assigned_at, assigned_by, is_active, club_id, role_id, user_id, info_access_restricted) FROM stdin;
1	2025-10-29 09:40:22.069271	1	t	1	4	55	\N
3	2025-10-29 09:43:36.956755	1	t	1	1	57	\N
4	2025-10-29 18:16:55.187209	\N	t	2	4	59	\N
5	2025-10-29 18:19:39.587534	\N	t	1	4	60	\N
6	2025-10-29 18:24:35.750291	\N	t	2	4	61	\N
7	2025-10-29 18:24:45.349151	\N	t	2	4	62	\N
8	2025-10-29 18:48:57.704723	\N	t	1	4	63	\N
9	2025-10-30 06:34:04.110381	\N	t	2	4	64	\N
10	2025-10-30 13:14:28.389349	\N	t	1	4	66	\N
12	2025-10-31 11:42:48.98816	\N	t	1	4	71	\N
14	2025-10-31 17:30:02.390087	\N	t	1	4	74	\N
16	2025-11-04 19:49:24.675576	\N	t	1	6	77	\N
13	2025-10-31 11:47:01.825956	\N	t	1	4	72	\N
17	2025-11-06 19:31:30.29622	\N	f	4	6	78	\N
19	2025-11-06 22:07:29.57325	\N	t	5	4	83	\N
20	2025-11-06 22:53:14.313469	\N	t	5	6	84	\N
11	2025-10-30 17:45:28.14332	\N	t	1	4	68	\N
18	2025-11-06 21:25:15.066121	\N	t	2	4	81	\N
15	2025-11-02 06:29:05.387211	\N	t	3	4	76	\N
21	2025-11-15 16:34:44.322343	\N	f	1	4	85	\N
2	2025-10-29 09:41:25.368884	1	t	1	6	56	\N
22	2025-11-21 09:50:32.049929	1	t	1	6	86	f
23	2025-11-25 10:32:56.275046	\N	t	6	4	89	f
\.


--
-- TOC entry 4041 (class 0 OID 17542)
-- Dependencies: 233
-- Data for Name: document_type; Type: TABLE DATA; Schema: public; Owner: BM_apps
--

COPY public.document_type (document_type_id, name) FROM stdin;
1	Руководство
\.


--
-- TOC entry 4043 (class 0 OID 17548)
-- Dependencies: 235
-- Data for Name: education_level; Type: TABLE DATA; Schema: public; Owner: BM_apps
--

COPY public.education_level (education_level_id, name) FROM stdin;
\.


--
-- TOC entry 4108 (class 0 OID 18380)
-- Dependencies: 300
-- Data for Name: equipment_components; Type: TABLE DATA; Schema: public; Owner: BM_apps
--

COPY public.equipment_components (component_id, category, code, manufacturer, name, notes, parent_id) FROM stdin;
1	BRAND	BRUN	Brunswick	Brunswick	Главный бренд из схемы	\N
2	LINE	GS-9X	Brunswick	GS-96/97/98	Классические GS линии	1
3	LINE	GS-X	Brunswick	GS-X	Современная линейка GS-X	1
4	MODULE	SUPPLY	Brunswick	Система подачи шара (Front/Back-end)	Узел подачи шара из схемы	2
5	NODE	SCALES	Brunswick	Весовой стол (Scales)	Весовой стол/датчики веса	4
6	MODULE	RETURN	Brunswick	Система возврата шара	Возврат и транспортировка шара	2
7	MODULE	PNEUMATICS	Brunswick	Пневматика/Компрессор	Пневматические элементы	2
8	MODULE	DRIVE	Brunswick	Привод линии и фурнитура	Привод, ремни, фурнитура	2
9	SYSTEM	SCORING	Brunswick	Система подсчета очков (Vector/Sync)	Системы учета очков и ПО	1
10	NODE	FDESK	Brunswick	Front Desk (Vector Plus)	Рабочее место оператора	9
11	NODE	DISP	Brunswick	Плееры/мониторы	Мониторы игроков и гостевая зона	9
12	MODULE	GSX-MECH	Brunswick	GS-X кузов и механика	Корпус и механические узлы GS-X	3
13	MODULE	GSX-EL	Brunswick	Электроника GS-X (Silver Box)	Блоки Silver Box	3
14	NODE	GSX-SENS	Brunswick	Контроллеры и датчики	Датчики, кабели, контроллеры	12
15	BRAND	SWITCH	Switch	Switch Bowling	Ветка Switch/Silver Box	\N
16	SYSTEM	SILVER	Switch	Silver Box	Электроника Silver Box из схемы	15
17	NODE	SILVER-EL	Switch	Электроника/платы	Платы, кабели, силовые блоки	16
18	MODULE	GS-UPGRADE	Switch	GS-наворды	Комплект для модернизации GS под Silver Box	16
\.


--
-- TOC entry 4045 (class 0 OID 17554)
-- Dependencies: 237
-- Data for Name: equipment_maintenance_schedule; Type: TABLE DATA; Schema: public; Owner: BM_apps
--

COPY public.equipment_maintenance_schedule (schedule_id, is_critical, last_performed, maintenance_type, scheduled_date, club_id, equipment_id) FROM stdin;
\.


--
-- TOC entry 4047 (class 0 OID 17560)
-- Dependencies: 239
-- Data for Name: equipment_type; Type: TABLE DATA; Schema: public; Owner: BM_apps
--

COPY public.equipment_type (equipment_type_id, description, name) FROM stdin;
\.


--
-- TOC entry 4049 (class 0 OID 17568)
-- Dependencies: 241
-- Data for Name: maintenance_history; Type: TABLE DATA; Schema: public; Owner: BM_apps
--

COPY public.maintenance_history (history_id, lane_number, manager_approval_date, manager_notes, parts_used, quality_rating, work_date, work_description, club_id, manager_id, mechanic_id) FROM stdin;
\.


--
-- TOC entry 4051 (class 0 OID 17576)
-- Dependencies: 243
-- Data for Name: maintenance_requests; Type: TABLE DATA; Schema: public; Owner: BM_apps
--

COPY public.maintenance_requests (request_id, assigned_agent_id, completion_date, lane_number, manager_decision_date, manager_notes, published_at, request_date, status, verification_status, club_id, mechanic_id, request_reason) FROM stdin;
1	\N	\N	11	2025-10-29 09:52:06.933202	Все детали в наличии	\N	2025-10-29 09:51:14.159388	APPROVED	NOT_VERIFIED	1	1	\N
2	\N	\N	5	2025-11-05 11:10:13.543809	Все детали в наличии	\N	2025-10-30 13:15:25.921481	APPROVED	NOT_VERIFIED	1	8	\N
3	\N	\N	3	2025-11-06 22:47:23.525096	Все детали в наличии	\N	2025-11-06 22:13:50.136386	APPROVED	NOT_VERIFIED	5	21	\N
15	\N	\N	6	2025-11-23 11:44:31.818235	Все детали в наличии	\N	2025-11-20 17:36:10.334948	APPROVED	NOT_VERIFIED	1	1	Ремонт
16	\N	\N	2	2025-11-23 11:44:39.180503	Деталей нет в наличии	\N	2025-11-20 17:36:50.417672	APPROVED	NOT_VERIFIED	1	1	jj
\.


--
-- TOC entry 4095 (class 0 OID 18001)
-- Dependencies: 287
-- Data for Name: manager_profiles; Type: TABLE DATA; Schema: public; Owner: BM_apps
--

COPY public.manager_profiles (manager_id, user_id, club_id, full_name, contact_phone, contact_email, is_data_verified, created_at, updated_at) FROM stdin;
2	77	1	Яцкевич Илья Дмитриевич	+76464646464	\N	t	2025-11-04 19:49:24.548635	2025-11-04 19:49:24.548661
3	78	4	Котов В.С.	+79204053636	cot@ya.ru	f	2025-11-06 19:31:30.195684	2025-11-06 19:31:30.195706
4	84	5	Кошкин Г.Н.	+79204055959	oo@oo.ru	t	2025-11-06 22:53:14.234669	2025-11-06 22:53:14.234676
1	56	1	Менеджеров Денис Сергеевич	+79515561842	manager@mail.ru	t	2025-10-29 09:41:25.345552	2025-10-29 09:41:25.345552
5	86	1	Труфанов Андрей Андреевич	+71361363636	voronezh@mail.ru	t	2025-11-21 09:50:31.980692	2025-11-21 09:50:31.980692
\.


--
-- TOC entry 4053 (class 0 OID 17593)
-- Dependencies: 245
-- Data for Name: manufacturer; Type: TABLE DATA; Schema: public; Owner: BM_apps
--

COPY public.manufacturer (manufacturer_id, name) FROM stdin;
1	Тестовый производитель
\.


--
-- TOC entry 4104 (class 0 OID 18317)
-- Dependencies: 296
-- Data for Name: mechanic_certifications; Type: TABLE DATA; Schema: public; Owner: BM_apps
--

COPY public.mechanic_certifications (certification_id, credential_url, description, expiration_date, issue_date, issuer, title, mechanic_profile_id) FROM stdin;
\.


--
-- TOC entry 4055 (class 0 OID 17599)
-- Dependencies: 247
-- Data for Name: mechanic_profiles; Type: TABLE DATA; Schema: public; Owner: BM_apps
--

COPY public.mechanic_profiles (profile_id, advantages, birth_date, bowling_experience_years, created_at, education_level_id, educational_institution, full_name, is_data_verified, is_entrepreneur, rating, skills, specialization_id, total_experience_years, updated_at, verification_date, work_periods, work_places, user_id, region) FROM stdin;
8	\N	2005-05-04	1	2025-10-30	1	ВГУ	Ушаков Денис Сергеевич	t	f	\N	\N	1	2	2025-10-30	2025-10-30	2024-2025	Барсук, Клуб Мыши	66	\N
17		1979-01-28	0	2025-11-02	1		Евгений	t	t	\N		1	0	2025-11-02	\N		Шаровая молния	76	\N
1	\N	\N	\N	2025-10-29	\N	\N	Механиков Юрий Владимирович	t	f	\N	\N	\N	\N	2025-10-29	\N	\N	Барсук	55	\N
2	ВГУ	1900-01-02	5	2025-10-29	4	ВГТУ	Петров Пётр Петрович	t	f	\N	Всё оперативно	1	5	2025-10-29	\N	2019-	Млечный путь, клуб Млечный путь	59	\N
3	Тест	1995-02-01	1	2025-10-29	1	СХИ	Иванов Пётр Сергеевич	t	f	\N	Тест	1	1	2025-10-29	\N	2024-2025	Барсук, Клуб Кегли	60	\N
4	ВГУ	1900-01-02	5	2025-10-29	4	ВГТУ	Петров Пётр Петрович	t	f	\N	Всё оперативно	1	5	2025-10-29	\N		Млечный путь, нигде	61	\N
5	ВГУ	1900-01-02	5	2025-10-29	4	ВГТУ	Петров Пётр Петрович	t	f	\N	Всё оперативно	1	5	2025-10-29	\N		Млечный путь, нигде	62	\N
6	\N	2004-08-02	1	2025-10-29	1	ВГУ	Гоглов Илья Олегович	t	f	\N	\N	1	1	2025-10-29	\N		Барсук, Клуб Барсук - 2024-н.в	63	\N
7		1983-09-01	3	2025-10-30	1	ВГУ	Осипенко Михаил Анатольевич	t	f	\N		1	25	2025-10-30	\N	2023-2025	Млечный путь, 2023 - 2025	64	\N
9	\N	2004-08-02	1	2025-10-30	1	ВГУ	Масалкин Никита Сергеевич	t	\N	\N	\N	1	1	2025-10-30	\N	\N	\N	67	\N
11	\N	2007-01-11	3	2025-10-30	2	ВГУ	Исмаилов Мурат Тагирович	t	\N	\N	\N	1	6	2025-10-30	\N	\N	\N	69	\N
12	\N	2007-01-12	5	2025-10-31	2	VSU	Исмаилов Мурат Тагирович	t	\N	\N	\N	1	6	2025-10-31	\N	\N	\N	70	\N
13	\N	2007-01-14	2	2025-10-31	2	VSU	Бабаджанян Давид Тагирович	t	\N	\N	\N	1	3	2025-10-31	2025-10-31	\N	Барсук	71	\N
19	\N	1982-01-15	10	2025-11-06	1	ВГУ	Котов	t	t	\N	\N	1	24	2025-11-06	\N	\N	\N	80	\N
15	\N	2007-01-03	6	2025-10-31	2	VSU	Семенюк Владимир Александрович	t	\N	\N	\N	1	6	2025-10-31	\N	\N	\N	73	\N
16	\N	2007-01-07	3	2025-10-31	2	ВГУ	Кокухин Артём Павлович	t	\N	\N	\N	1	3	2025-10-31	\N	\N	Барсук	74	\N
14	\N	2007-01-19	1	2025-10-31	4	vsu	Асмиран Анасан Анасарянович	t	\N	\N	\N	1	3	2025-10-31	2025-11-06	\N	Барсук	72	\N
22	\N	2007-01-08	3	2025-11-15	4	ВГУ	Яцкевич Виктор Владимирович	f	t	\N	\N	1	6	2025-11-15	\N	\N	Барсук	85	\N
23	\N	1985-11-22	5	2025-11-25	1	ВГУ	Поликарп	f	\N	\N	\N	1	20	2025-11-25	\N	\N	\N	87	\N
24	\N	1964-01-16	20	2025-11-25	1	ВГУ	Носов Генна	t	t	\N	\N	1	30	2025-11-25	2025-11-25	\N	\N	89	\N
21	\N	1985-01-23	19	2025-11-06	1	МГУ	Попов А.А.	t	\N	\N	\N	1	20	2025-11-06	2025-11-06	\N	Наш слон	83	\N
10	\N	2004-12-16	1	2025-10-30	1	ВГУ	Воропаев Даниил Дмитрьевич	t	\N	\N	\N	1	1	2025-10-30	2025-10-30	\N	Барсук	68	\N
20	\N	1967-01-11	15	2025-11-06	1	ВГУ	Котов Е.Е.	t	\N	\N	\N	1	30	2025-11-06	\N	\N	Млечный путь	81	\N
18	\N	1985-01-23	10	2025-11-06	1	ВГУ	Котов Я.Б.	t	t	\N	\N	1	20	2025-11-06	\N	\N	\N	79	\N
\.


--
-- TOC entry 4057 (class 0 OID 17607)
-- Dependencies: 249
-- Data for Name: mechanic_work_history; Type: TABLE DATA; Schema: public; Owner: BM_apps
--

COPY public.mechanic_work_history (history_id, description, end_date, is_verified, "position", profile_id, start_date, workplace, organization, mechanic_profile_id) FROM stdin;
\.


--
-- TOC entry 4059 (class 0 OID 17615)
-- Dependencies: 251
-- Data for Name: part_images; Type: TABLE DATA; Schema: public; Owner: BM_apps
--

COPY public.part_images (image_id, catalog_id, image_url) FROM stdin;
\.


--
-- TOC entry 4061 (class 0 OID 17621)
-- Dependencies: 253
-- Data for Name: part_locations; Type: TABLE DATA; Schema: public; Owner: BM_apps
--

COPY public.part_locations (location_id, is_central, location_description, name, warehouse_id) FROM stdin;
\.


--
-- TOC entry 4063 (class 0 OID 17629)
-- Dependencies: 255
-- Data for Name: parts_catalog; Type: TABLE DATA; Schema: public; Owner: BM_apps
--

COPY public.parts_catalog (catalog_id, catalog_number, common_name, description, is_unique, normal_service_life, official_name_en, official_name_ru, unit, manufacturer_id, category_code) FROM stdin;
\.


--
-- TOC entry 4065 (class 0 OID 17637)
-- Dependencies: 257
-- Data for Name: password_reset_tokens; Type: TABLE DATA; Schema: public; Owner: BM_apps
--

COPY public.password_reset_tokens (id, created_at, expires_at, token, used, user_id) FROM stdin;
\.


--
-- TOC entry 4106 (class 0 OID 18337)
-- Dependencies: 298
-- Data for Name: personal_warehouses; Type: TABLE DATA; Schema: public; Owner: BM_apps
--

COPY public.personal_warehouses (warehouse_id, created_at, is_active, location, name, updated_at, mechanic_profile_id) FROM stdin;
\.


--
-- TOC entry 4067 (class 0 OID 17643)
-- Dependencies: 259
-- Data for Name: purchase_orders; Type: TABLE DATA; Schema: public; Owner: BM_apps
--

COPY public.purchase_orders (order_id, actual_delivery_date, expected_delivery_date, order_date, status, request_id, supplier_id) FROM stdin;
\.


--
-- TOC entry 4028 (class 0 OID 17429)
-- Dependencies: 220
-- Data for Name: refresh_tokens; Type: TABLE DATA; Schema: public; Owner: BM_apps
--

COPY public.refresh_tokens (refresh_token_id, expires_at, issued_at, replaced_by_token_hash, revocation_reason, revoked, revoked_at, token_hash, user_id) FROM stdin;
\.


--
-- TOC entry 4069 (class 0 OID 17650)
-- Dependencies: 261
-- Data for Name: request_parts; Type: TABLE DATA; Schema: public; Owner: BM_apps
--

COPY public.request_parts (part_id, catalog_id, catalog_number, delivery_date, inventory_id, inventory_location, issue_date, order_date, part_name, quantity, rejection_reason, status, supplier_id, warehouse_id, order_id, request_id, is_available, acceptance_comment, acceptance_date, accepted_quantity, help_requested) FROM stdin;
1	\N	\N	\N	\N	\N	\N	\N	Ремень привода	2	\N	\N	\N	1	\N	1	t	\N	\N	\N	\N
2	\N	\N	\N	\N	\N	\N	\N	Гайки	50	\N	\N	\N	1	\N	1	t	\N	\N	\N	\N
3	\N	\N	\N	\N	\N	\N	\N	Поворотный рычаг	2	\N	\N	\N	1	\N	1	t	\N	\N	\N	\N
4	\N	\N	\N	\N	\N	\N	\N	кегли	10	\N	\N	\N	\N	\N	1	\N	\N	\N	\N	\N
5	\N	\N	\N	\N	\N	\N	\N	обувь	2	\N	\N	\N	\N	\N	1	\N	\N	\N	\N	\N
6	\N	\N	\N	\N	\N	\N	\N	Резинки	12	\N	\N	\N	1	\N	2	t	\N	\N	\N	\N
7	\N	\N	\N	\N	\N	\N	\N	ремень	2	\N	\N	\N	5	\N	3	t	\N	\N	\N	\N
8	\N	\N	\N	\N	\N	\N	\N	люк	1	\N	\N	\N	\N	\N	3	\N	\N	\N	\N	\N
13	\N	5561337	\N	\N	\N	\N	\N	Ремень привода	5	\N	\N	\N	1	\N	15	t	\N	\N	\N	f
14	\N	v	\N	\N	\N	\N	\N	j	6	\N	\N	\N	1	\N	16	f	\N	\N	\N	f
\.


--
-- TOC entry 4071 (class 0 OID 17659)
-- Dependencies: 263
-- Data for Name: role; Type: TABLE DATA; Schema: public; Owner: BM_apps
--

COPY public.role (role_id, name) FROM stdin;
1	ADMIN
4	MECHANIC
5	CLUB_OWNER
6	HEAD_MECHANIC
\.


--
-- TOC entry 4073 (class 0 OID 17665)
-- Dependencies: 265
-- Data for Name: service_history; Type: TABLE DATA; Schema: public; Owner: BM_apps
--

COPY public.service_history (service_id, created_by, created_date, description, documents, labor_hours, lane_number, next_service_due, parts_replaced, performance_metrics, photos, service_date, service_notes, service_type, total_cost, warranty_until, club_id, equipment_id, performed_by, supervised_by) FROM stdin;
\.


--
-- TOC entry 4075 (class 0 OID 17674)
-- Dependencies: 267
-- Data for Name: service_history_parts; Type: TABLE DATA; Schema: public; Owner: BM_apps
--

COPY public.service_history_parts (id, catalog_number, created_date, installation_notes, part_name, quantity, supplier_id, total_cost, unit_cost, warranty_months, part_catalog_id, service_history_id) FROM stdin;
\.


--
-- TOC entry 4077 (class 0 OID 17682)
-- Dependencies: 269
-- Data for Name: specialization; Type: TABLE DATA; Schema: public; Owner: BM_apps
--

COPY public.specialization (specialization_id, name) FROM stdin;
\.


--
-- TOC entry 4079 (class 0 OID 17688)
-- Dependencies: 271
-- Data for Name: supplier_reviews; Type: TABLE DATA; Schema: public; Owner: BM_apps
--

COPY public.supplier_reviews (review_id, club_id, comment, complaint_resolved, is_complaint, rating, review_date, supplier_id, user_id, complaint_status, complaint_title, resolution_notes, order_id) FROM stdin;
\.


--
-- TOC entry 4081 (class 0 OID 17694)
-- Dependencies: 273
-- Data for Name: suppliers; Type: TABLE DATA; Schema: public; Owner: BM_apps
--

COPY public.suppliers (supplier_id, contact_email, contact_person, contact_phone, created_at, inn, is_verified, legal_name, rating, updated_at) FROM stdin;
\.


--
-- TOC entry 4083 (class 0 OID 17702)
-- Dependencies: 275
-- Data for Name: technical_documents; Type: TABLE DATA; Schema: public; Owner: BM_apps
--

COPY public.technical_documents (document_id, description, equipment_model, file_url, language, title, upload_date, uploaded_by, access_level_id, document_type_id, manufacturer_id, file_data, file_name, file_size, club_id) FROM stdin;
1	Это тестовый PDF документ для базы знаний	Тестовая модель X-1000	/documents/тестовый_документ.pdf	ru	Тестовый PDF документ	2025-10-29 12:38:37.661267	1	1	1	1	\\x255044462d312e0d0a25b5b5b5b50d0a312030206f626a0d0a3c3c2f547970652f436174616c6f672f50616765732032203020523e3e0d0a656e646f626a0d0a322030206f626a0d0a3c3c2f547970652f50616765732f4b6964735b33203020525d3e3e0d0a656e646f626a0d0a332030206f626a0d0a3c3c2f547970652f506167652f506172656e742032203020522f4d65646961426f785b3020302036313220373932502f5265736f75726365733c3c3e3e2f436f6e74656e74732034203020522f47726f75703c3c2f532f5472616e73706172656e63792f4353202f4465766963655247422f4920747275653e3e3e3e0d0a656e646f626a0d0a342030206f626a0d0a3c3c2f4c656e6774682035303e3e0d0a73747265616d0d0a42540d0a2f46312031382054660d0a312030203020312035302035303020546d0d0a28546573742050444620446f63756d656e742920546a0d0a45540d0a0d0a656e6473747265616d0d0a656e646f626a0d0a787265660d0a3020350d0a303030303030303030302036353533352066200d0a30303030303030303135203030303030206e200d0a30303030303030303637203030303030206e200d0a30303030303030313233203030303030206e200d0a30303030303030313733203030303030206e200d0a747261696c65720d0a3c3c2f53697a6520352f526f6f742031203020522f496e666f2036203020523e3e0d0a7374617274787265660d0a3231310d0a2525454f460d0a	тестовый_документ.pdf	1024	1
\.


--
-- TOC entry 4085 (class 0 OID 17710)
-- Dependencies: 277
-- Data for Name: users; Type: TABLE DATA; Schema: public; Owner: BM_apps
--

COPY public.users (user_id, is_active, is_verified, last_modified, password_hash, phone, registration_date, version, account_type_id, role_id) FROM stdin;
1	t	f	\N	$2a$10$x3ZuygcU/5yFSp2l3rj0F.nlT6neT7olRRZzKGC8IUyt6GyiVG18i	+79990009999	2025-10-29	0	2	5
57	t	f	\N	$2a$10$cGP2//zqOZdz6IG/8gk6zOo.TJR.3tkSQr00.D4EFYyXnirkYF5Wy	+79802479003	2025-10-29	0	1	1
58	t	f	\N	$2a$10$6FHR5TXaIRBiZmfeNSjgCuKCJjPHzJorvNdyjBGN.fnpzIHu1fr66	+79632587411	2025-10-29	0	2	5
89	t	t	\N	$2a$10$nCc1yUeyhWMBbFK044MZZOWnYd6j4P8Jn9YUAS0muINn7bTIoVfHq	+76666466666	2025-11-25	1	1	4
65	t	f	\N	$2a$10$fdKX6jJPY9DGsLvBG2bCwOkYcCI26jDs3xWcQzVixQT2Xnk4JsUWa	+75555555555	2025-10-30	0	2	5
66	t	t	\N	$2a$10$A73RYsLe7L9EUR2FYOuBaOA1TnJbwftY0veKFQ7sO2Q45NyRVnSXa	+79815568731	2025-10-30	1	1	4
55	t	t	\N	$2a$10$d98aGWjrPMTFMcBIK4err.ZUX1MD94h82ScH/p3xOi48RM9pcinHe	+79508713281	2025-10-29	1	1	4
59	f	t	\N	$2a$10$zteaflZ4hFdhVK7dWa4vfeGOElmtJRbmUJW7Lc6GqJkWzbivnI4H.	+71478523699	2025-10-29	1	1	4
60	t	t	\N	$2a$10$8R3f2j2.FrC2u8EL2F1VB.yK4n7MbihYD52D0c71erzVq62O1Y.lm	+79813269003	2025-10-29	2	1	4
61	f	t	\N	$2a$10$OXyO04SguarFRS4q4oBIyuPxCYDJMmcsxcDLkO6ESF4E4vFlfx7da	+79512357899	2025-10-29	1	1	4
62	f	t	\N	$2a$10$QcxbsoZNwAj6FhB2mD2V5uvW4qG5rvadgnmPfKpb6reIeyiLnMiZa	+75566666666	2025-10-29	1	1	4
63	t	t	\N	$2a$10$SDTHF5k.zY8zyTSgtM0N5u9pwEQ89rK/UxJqYSpo4dDNikQeEQ.vG	+79525481811	2025-10-29	2	1	4
64	f	t	\N	$2a$10$gJeSaBS3.mojqRnSPHNBtOZQXxj37U0O.hEZXpjhghU2rn9TiEun2	+79204073175	2025-10-30	1	1	4
67	t	t	\N	$2a$10$wvM9VLN2du.88VFYfaXY/uzaQTUQ8rymJDsMBQY4a1/H.rkcVp65q	+79111488000	2025-10-30	1	1	4
69	t	t	\N	$2a$10$kE/vmZz8bFNJIEINrF23wOB9f9YupgVc8Ck3kJZsMXJ3u8rYJx/VK	+79784651322	2025-10-30	1	1	4
70	t	t	\N	$2a$10$Evshiv4a3OaltOdg7/oXGOLgK2eF05NNwsWh5hrwN66AgBPL59fWK	+79786453111	2025-10-31	1	1	4
71	t	t	\N	$2a$10$AB9tPWKdTy4Dj3ETvn60hOED4k.Sn9oSnOnJIRRAV8suFBVOIaArK	+79996663324	2025-10-31	1	1	4
72	t	t	\N	$2a$10$bpw9RWOwHFiggMWjIJzA5.9dTaPjDxaCUZlMoHV9Byem5qQw8D1RS	+77894561233	2025-10-31	1	1	4
73	t	t	\N	$2a$10$ashLZ72v8Z3TKBnVABCT1uwa5UNCLG4p3KCO0AzeoOpq2DghRfIW2	+70852369741	2025-10-31	1	1	4
74	t	t	\N	$2a$10$vfDPJp2UR06.9ZuccUSIW.Xtr8FfX9Ocs0urq/klr3UkUnJtMBiOG	+79123456789	2025-10-31	1	1	4
75	t	f	\N	$2a$10$5ElJHIPufP7Y5k2rLDtjOOu9yACDLiUPpPnsaZ1DuxPfkXYWGPDlC	+79101337228	2025-10-31	0	2	5
77	t	t	\N	$2a$10$TOJ5UqB5qP.bunofdQ0YtOBUwnYi6uugthZYrkN55NzzkxR6ybnWu	+76464646464	2025-11-04	1	1	6
78	t	f	\N	$2a$10$9SjbvxYuD6MYSf1eYLhp.uv4COsotljF5eWBEPMSQEpvcIJDyHWzC	+79204053636	2025-11-06	0	1	6
82	t	f	\N	$2a$10$CrMEuia2jOsK9gYF3fED3.PjfAWMpcfOnnTyecH1UyYJA6gZuVIkW	+79204055555	2025-11-06	0	2	5
83	t	t	\N	$2a$10$cuT7cGHiJMYQCm8ycIRfmOGnvqafQwQ6ni9xtBNyAiT9WDe18qlDa	+79204055656	2025-11-06	5	1	4
84	t	t	\N	$2a$10$FMGZ0JqJ8PPgPuHq8t2lg.oeTcOuTZXlnIgqB6Na2CExAdWL.6KAe	+79204055959	2025-11-06	1	1	6
68	t	t	\N	$2a$10$RhSk2Z8PvBQrI3K/IGI3WuPCEQmkYntztEVQ/nDG7JwBiNBKAqyXK	+79197343009	2025-10-30	3	1	4
81	t	t	\N	$2a$10$tASKAe6fUk.djnpHIojZ6u01k0U1NuLMnwr.PjbsrINs/0CERhdPW	+79204054040	2025-11-06	1	1	4
79	t	t	\N	$2a$10$MlmIO/WypRrqOjWUIiSmteJ/qOjtgmwXwtmygeQH89QVFKtPXzBNC	+79204053737	2025-11-06	1	1	4
76	t	t	\N	$2a$10$TjYYBPuP1bQNR/2WqiRqu.yMKeOcAaz.EnU7F9zAzvdO9NiLv6F9K	+79102823814	2025-11-02	1	1	4
80	t	t	\N	$2a$10$PPWCLabiBGvxJQaEtngpJeXIJcwto55l1mxA.1MmGgucUvvVASU1i	+79204053838	2025-11-06	1	1	4
85	t	f	\N	$2a$10$B0TohDZeSs.8qPuL4yqld.3KXq5bQvstmgj4POOpSfbDCjcVWfdA.	+74658791836	2025-11-15	0	1	4
56	t	t	\N	$2a$10$F8FWsYjuksKRly4JpPxJbOYriuGG8rRhcQ4h/K0xCAHQsOdeqnsSO	+79515561842	2025-10-29	2	1	6
86	t	t	\N	$2a$10$UGAQNcy6IixlsrTQyjFk0.7c05.03UBfRJM9DAIjl2YoTFTSZCh1.	+71361363636	2025-11-21	2	1	6
87	t	f	\N	$2a$10$CRRIbDtc1F/NjrB1f.o.2OCdJ00I25qlUxoZqEUZeITmtr/6E/y9C	+76666666666	2025-11-25	0	1	4
88	t	f	\N	$2a$10$dG7p2NyqJ67J.gcXTpHKEOIstzuvver75ropuQwHu.g22y5.CCQfa	+76666566666	2025-11-25	0	2	5
\.


--
-- TOC entry 4087 (class 0 OID 17716)
-- Dependencies: 279
-- Data for Name: warehouse_inventory; Type: TABLE DATA; Schema: public; Owner: BM_apps
--

COPY public.warehouse_inventory (inventory_id, catalog_id, is_unique, last_checked, location_reference, notes, quantity, warehouse_id, cell_code, lane_number, placement_status, reserved_quantity, shelf_code) FROM stdin;
\.


--
-- TOC entry 4089 (class 0 OID 17724)
-- Dependencies: 281
-- Data for Name: work_log_part_usage; Type: TABLE DATA; Schema: public; Owner: BM_apps
--

COPY public.work_log_part_usage (usage_id, catalog_number, created_by, created_date, installed_date, invoice_number, notes, part_name, quantity_used, sourced_from, supplier_id, total_cost, unit_cost, warranty_months, part_catalog_id, work_log_id) FROM stdin;
\.


--
-- TOC entry 4091 (class 0 OID 17732)
-- Dependencies: 283
-- Data for Name: work_log_status_history; Type: TABLE DATA; Schema: public; Owner: BM_apps
--

COPY public.work_log_status_history (history_id, additional_notes, changed_date, new_status, previous_status, reason, changed_by, work_log_id) FROM stdin;
\.


--
-- TOC entry 4093 (class 0 OID 17742)
-- Dependencies: 285
-- Data for Name: work_logs; Type: TABLE DATA; Schema: public; Owner: BM_apps
--

COPY public.work_logs (log_id, actual_hours, approval_date, completed_date, created_by, created_date, customer_satisfaction, estimated_hours, is_manual_edit, labor_cost, lane_number, manager_notes, manual_edit_reason, modified_by, modified_date, next_service_date, photos, priority, problem_description, quality_rating, solution_description, started_date, status, total_cost, total_parts_cost, version, warranty_period_months, work_performed, work_type, approved_by, club_id, equipment_id, maintenance_request_id, mechanic_id) FROM stdin;
\.


--
-- TOC entry 4117 (class 0 OID 0)
-- Dependencies: 292
-- Name: access_level_access_level_id_seq1; Type: SEQUENCE SET; Schema: public; Owner: BM_apps
--

SELECT pg_catalog.setval('public.access_level_access_level_id_seq1', 1, true);


--
-- TOC entry 4118 (class 0 OID 0)
-- Dependencies: 217
-- Name: administrator_profiles_administrator_id_seq; Type: SEQUENCE SET; Schema: public; Owner: BM_apps
--

SELECT pg_catalog.setval('public.administrator_profiles_administrator_id_seq', 1, true);


--
-- TOC entry 4119 (class 0 OID 0)
-- Dependencies: 293
-- Name: attestation_applications_application_id_seq; Type: SEQUENCE SET; Schema: public; Owner: BM_apps
--

SELECT pg_catalog.setval('public.attestation_applications_application_id_seq', 1, false);


--
-- TOC entry 4120 (class 0 OID 0)
-- Dependencies: 288
-- Name: bowling_clubs_club_id_seq1; Type: SEQUENCE SET; Schema: public; Owner: BM_apps
--

SELECT pg_catalog.setval('public.bowling_clubs_club_id_seq1', 6, true);


--
-- TOC entry 4121 (class 0 OID 0)
-- Dependencies: 289
-- Name: club_equipment_equipment_id_seq1; Type: SEQUENCE SET; Schema: public; Owner: BM_apps
--

SELECT pg_catalog.setval('public.club_equipment_equipment_id_seq1', 1, false);


--
-- TOC entry 4122 (class 0 OID 0)
-- Dependencies: 290
-- Name: club_equipment_types_id_seq1; Type: SEQUENCE SET; Schema: public; Owner: BM_apps
--

SELECT pg_catalog.setval('public.club_equipment_types_id_seq1', 1, false);


--
-- TOC entry 4123 (class 0 OID 0)
-- Dependencies: 291
-- Name: club_invitations_id_seq1; Type: SEQUENCE SET; Schema: public; Owner: BM_apps
--

SELECT pg_catalog.setval('public.club_invitations_id_seq1', 1, false);


--
-- TOC entry 4124 (class 0 OID 0)
-- Dependencies: 228
-- Name: club_owners_owner_id_seq1; Type: SEQUENCE SET; Schema: public; Owner: BM_apps
--

SELECT pg_catalog.setval('public.club_owners_owner_id_seq1', 6, true);


--
-- TOC entry 4125 (class 0 OID 0)
-- Dependencies: 230
-- Name: club_staff_staff_id_seq1; Type: SEQUENCE SET; Schema: public; Owner: BM_apps
--

SELECT pg_catalog.setval('public.club_staff_staff_id_seq1', 23, true);


--
-- TOC entry 4126 (class 0 OID 0)
-- Dependencies: 232
-- Name: document_type_document_type_id_seq1; Type: SEQUENCE SET; Schema: public; Owner: BM_apps
--

SELECT pg_catalog.setval('public.document_type_document_type_id_seq1', 1, true);


--
-- TOC entry 4127 (class 0 OID 0)
-- Dependencies: 234
-- Name: education_level_education_level_id_seq1; Type: SEQUENCE SET; Schema: public; Owner: BM_apps
--

SELECT pg_catalog.setval('public.education_level_education_level_id_seq1', 1, false);


--
-- TOC entry 4128 (class 0 OID 0)
-- Dependencies: 299
-- Name: equipment_components_component_id_seq; Type: SEQUENCE SET; Schema: public; Owner: BM_apps
--

SELECT pg_catalog.setval('public.equipment_components_component_id_seq', 18, true);


--
-- TOC entry 4129 (class 0 OID 0)
-- Dependencies: 236
-- Name: equipment_maintenance_schedule_schedule_id_seq1; Type: SEQUENCE SET; Schema: public; Owner: BM_apps
--

SELECT pg_catalog.setval('public.equipment_maintenance_schedule_schedule_id_seq1', 1, false);


--
-- TOC entry 4130 (class 0 OID 0)
-- Dependencies: 238
-- Name: equipment_type_equipment_type_id_seq1; Type: SEQUENCE SET; Schema: public; Owner: BM_apps
--

SELECT pg_catalog.setval('public.equipment_type_equipment_type_id_seq1', 1, false);


--
-- TOC entry 4131 (class 0 OID 0)
-- Dependencies: 240
-- Name: maintenance_history_history_id_seq1; Type: SEQUENCE SET; Schema: public; Owner: BM_apps
--

SELECT pg_catalog.setval('public.maintenance_history_history_id_seq1', 1, false);


--
-- TOC entry 4132 (class 0 OID 0)
-- Dependencies: 242
-- Name: maintenance_requests_request_id_seq1; Type: SEQUENCE SET; Schema: public; Owner: BM_apps
--

SELECT pg_catalog.setval('public.maintenance_requests_request_id_seq1', 16, true);


--
-- TOC entry 4133 (class 0 OID 0)
-- Dependencies: 286
-- Name: manager_profiles_manager_id_seq1; Type: SEQUENCE SET; Schema: public; Owner: BM_apps
--

SELECT pg_catalog.setval('public.manager_profiles_manager_id_seq1', 5, true);


--
-- TOC entry 4134 (class 0 OID 0)
-- Dependencies: 244
-- Name: manufacturer_manufacturer_id_seq1; Type: SEQUENCE SET; Schema: public; Owner: BM_apps
--

SELECT pg_catalog.setval('public.manufacturer_manufacturer_id_seq1', 1, true);


--
-- TOC entry 4135 (class 0 OID 0)
-- Dependencies: 295
-- Name: mechanic_certifications_certification_id_seq; Type: SEQUENCE SET; Schema: public; Owner: BM_apps
--

SELECT pg_catalog.setval('public.mechanic_certifications_certification_id_seq', 1, false);


--
-- TOC entry 4136 (class 0 OID 0)
-- Dependencies: 246
-- Name: mechanic_profiles_profile_id_seq1; Type: SEQUENCE SET; Schema: public; Owner: BM_apps
--

SELECT pg_catalog.setval('public.mechanic_profiles_profile_id_seq1', 24, true);


--
-- TOC entry 4137 (class 0 OID 0)
-- Dependencies: 248
-- Name: mechanic_work_history_history_id_seq1; Type: SEQUENCE SET; Schema: public; Owner: BM_apps
--

SELECT pg_catalog.setval('public.mechanic_work_history_history_id_seq1', 1, false);


--
-- TOC entry 4138 (class 0 OID 0)
-- Dependencies: 250
-- Name: part_images_image_id_seq1; Type: SEQUENCE SET; Schema: public; Owner: BM_apps
--

SELECT pg_catalog.setval('public.part_images_image_id_seq1', 1, false);


--
-- TOC entry 4139 (class 0 OID 0)
-- Dependencies: 252
-- Name: part_locations_location_id_seq1; Type: SEQUENCE SET; Schema: public; Owner: BM_apps
--

SELECT pg_catalog.setval('public.part_locations_location_id_seq1', 1, false);


--
-- TOC entry 4140 (class 0 OID 0)
-- Dependencies: 254
-- Name: parts_catalog_catalog_id_seq1; Type: SEQUENCE SET; Schema: public; Owner: BM_apps
--

SELECT pg_catalog.setval('public.parts_catalog_catalog_id_seq1', 1, false);


--
-- TOC entry 4141 (class 0 OID 0)
-- Dependencies: 256
-- Name: password_reset_tokens_id_seq1; Type: SEQUENCE SET; Schema: public; Owner: BM_apps
--

SELECT pg_catalog.setval('public.password_reset_tokens_id_seq1', 1, false);


--
-- TOC entry 4142 (class 0 OID 0)
-- Dependencies: 297
-- Name: personal_warehouses_warehouse_id_seq; Type: SEQUENCE SET; Schema: public; Owner: BM_apps
--

SELECT pg_catalog.setval('public.personal_warehouses_warehouse_id_seq', 1, false);


--
-- TOC entry 4143 (class 0 OID 0)
-- Dependencies: 258
-- Name: purchase_orders_order_id_seq1; Type: SEQUENCE SET; Schema: public; Owner: BM_apps
--

SELECT pg_catalog.setval('public.purchase_orders_order_id_seq1', 1, false);


--
-- TOC entry 4144 (class 0 OID 0)
-- Dependencies: 219
-- Name: refresh_tokens_refresh_token_id_seq; Type: SEQUENCE SET; Schema: public; Owner: BM_apps
--

SELECT pg_catalog.setval('public.refresh_tokens_refresh_token_id_seq', 1, false);


--
-- TOC entry 4145 (class 0 OID 0)
-- Dependencies: 260
-- Name: request_parts_part_id_seq1; Type: SEQUENCE SET; Schema: public; Owner: BM_apps
--

SELECT pg_catalog.setval('public.request_parts_part_id_seq1', 14, true);


--
-- TOC entry 4146 (class 0 OID 0)
-- Dependencies: 262
-- Name: role_role_id_seq1; Type: SEQUENCE SET; Schema: public; Owner: BM_apps
--

SELECT pg_catalog.setval('public.role_role_id_seq1', 1, false);


--
-- TOC entry 4147 (class 0 OID 0)
-- Dependencies: 266
-- Name: service_history_parts_id_seq1; Type: SEQUENCE SET; Schema: public; Owner: BM_apps
--

SELECT pg_catalog.setval('public.service_history_parts_id_seq1', 1, false);


--
-- TOC entry 4148 (class 0 OID 0)
-- Dependencies: 264
-- Name: service_history_service_id_seq1; Type: SEQUENCE SET; Schema: public; Owner: BM_apps
--

SELECT pg_catalog.setval('public.service_history_service_id_seq1', 1, false);


--
-- TOC entry 4149 (class 0 OID 0)
-- Dependencies: 268
-- Name: specialization_specialization_id_seq1; Type: SEQUENCE SET; Schema: public; Owner: BM_apps
--

SELECT pg_catalog.setval('public.specialization_specialization_id_seq1', 1, false);


--
-- TOC entry 4150 (class 0 OID 0)
-- Dependencies: 270
-- Name: supplier_reviews_review_id_seq1; Type: SEQUENCE SET; Schema: public; Owner: BM_apps
--

SELECT pg_catalog.setval('public.supplier_reviews_review_id_seq1', 1, false);


--
-- TOC entry 4151 (class 0 OID 0)
-- Dependencies: 272
-- Name: suppliers_supplier_id_seq1; Type: SEQUENCE SET; Schema: public; Owner: BM_apps
--

SELECT pg_catalog.setval('public.suppliers_supplier_id_seq1', 1, false);


--
-- TOC entry 4152 (class 0 OID 0)
-- Dependencies: 274
-- Name: technical_documents_document_id_seq1; Type: SEQUENCE SET; Schema: public; Owner: BM_apps
--

SELECT pg_catalog.setval('public.technical_documents_document_id_seq1', 1, true);


--
-- TOC entry 4153 (class 0 OID 0)
-- Dependencies: 276
-- Name: users_user_id_seq1; Type: SEQUENCE SET; Schema: public; Owner: BM_apps
--

SELECT pg_catalog.setval('public.users_user_id_seq1', 89, true);


--
-- TOC entry 4154 (class 0 OID 0)
-- Dependencies: 278
-- Name: warehouse_inventory_inventory_id_seq1; Type: SEQUENCE SET; Schema: public; Owner: BM_apps
--

SELECT pg_catalog.setval('public.warehouse_inventory_inventory_id_seq1', 1, false);


--
-- TOC entry 4155 (class 0 OID 0)
-- Dependencies: 280
-- Name: work_log_part_usage_usage_id_seq1; Type: SEQUENCE SET; Schema: public; Owner: BM_apps
--

SELECT pg_catalog.setval('public.work_log_part_usage_usage_id_seq1', 1, false);


--
-- TOC entry 4156 (class 0 OID 0)
-- Dependencies: 282
-- Name: work_log_status_history_history_id_seq1; Type: SEQUENCE SET; Schema: public; Owner: BM_apps
--

SELECT pg_catalog.setval('public.work_log_status_history_history_id_seq1', 1, false);


--
-- TOC entry 4157 (class 0 OID 0)
-- Dependencies: 284
-- Name: work_logs_log_id_seq1; Type: SEQUENCE SET; Schema: public; Owner: BM_apps
--

SELECT pg_catalog.setval('public.work_logs_log_id_seq1', 1, false);


--
-- TOC entry 3742 (class 2606 OID 17493)
-- Name: access_level access_level_pkey1; Type: CONSTRAINT; Schema: public; Owner: BM_apps
--

ALTER TABLE ONLY public.access_level
    ADD CONSTRAINT access_level_pkey1 PRIMARY KEY (access_level_id);


--
-- TOC entry 3744 (class 2606 OID 17498)
-- Name: account_type account_type_pkey1; Type: CONSTRAINT; Schema: public; Owner: BM_apps
--

ALTER TABLE ONLY public.account_type
    ADD CONSTRAINT account_type_pkey1 PRIMARY KEY (account_type_id);


--
-- TOC entry 3733 (class 2606 OID 17403)
-- Name: administrator_profiles administrator_profiles_pkey; Type: CONSTRAINT; Schema: public; Owner: BM_apps
--

ALTER TABLE ONLY public.administrator_profiles
    ADD CONSTRAINT administrator_profiles_pkey PRIMARY KEY (administrator_id);


--
-- TOC entry 3814 (class 2606 OID 18315)
-- Name: attestation_applications attestation_applications_pkey; Type: CONSTRAINT; Schema: public; Owner: BM_apps
--

ALTER TABLE ONLY public.attestation_applications
    ADD CONSTRAINT attestation_applications_pkey PRIMARY KEY (application_id);


--
-- TOC entry 3746 (class 2606 OID 17505)
-- Name: bowling_clubs bowling_clubs_pkey1; Type: CONSTRAINT; Schema: public; Owner: BM_apps
--

ALTER TABLE ONLY public.bowling_clubs
    ADD CONSTRAINT bowling_clubs_pkey1 PRIMARY KEY (club_id);


--
-- TOC entry 3748 (class 2606 OID 17513)
-- Name: club_equipment club_equipment_pkey1; Type: CONSTRAINT; Schema: public; Owner: BM_apps
--

ALTER TABLE ONLY public.club_equipment
    ADD CONSTRAINT club_equipment_pkey1 PRIMARY KEY (equipment_id);


--
-- TOC entry 3750 (class 2606 OID 17518)
-- Name: club_equipment_types club_equipment_types_pkey1; Type: CONSTRAINT; Schema: public; Owner: BM_apps
--

ALTER TABLE ONLY public.club_equipment_types
    ADD CONSTRAINT club_equipment_types_pkey1 PRIMARY KEY (id);


--
-- TOC entry 3752 (class 2606 OID 17523)
-- Name: club_invitations club_invitations_pkey1; Type: CONSTRAINT; Schema: public; Owner: BM_apps
--

ALTER TABLE ONLY public.club_invitations
    ADD CONSTRAINT club_invitations_pkey1 PRIMARY KEY (id);


--
-- TOC entry 3754 (class 2606 OID 17534)
-- Name: club_owners club_owners_pkey1; Type: CONSTRAINT; Schema: public; Owner: BM_apps
--

ALTER TABLE ONLY public.club_owners
    ADD CONSTRAINT club_owners_pkey1 PRIMARY KEY (owner_id);


--
-- TOC entry 3756 (class 2606 OID 17540)
-- Name: club_staff club_staff_pkey1; Type: CONSTRAINT; Schema: public; Owner: BM_apps
--

ALTER TABLE ONLY public.club_staff
    ADD CONSTRAINT club_staff_pkey1 PRIMARY KEY (staff_id);


--
-- TOC entry 3758 (class 2606 OID 17546)
-- Name: document_type document_type_pkey1; Type: CONSTRAINT; Schema: public; Owner: BM_apps
--

ALTER TABLE ONLY public.document_type
    ADD CONSTRAINT document_type_pkey1 PRIMARY KEY (document_type_id);


--
-- TOC entry 3760 (class 2606 OID 17552)
-- Name: education_level education_level_pkey1; Type: CONSTRAINT; Schema: public; Owner: BM_apps
--

ALTER TABLE ONLY public.education_level
    ADD CONSTRAINT education_level_pkey1 PRIMARY KEY (education_level_id);


--
-- TOC entry 3820 (class 2606 OID 18386)
-- Name: equipment_components equipment_components_pkey; Type: CONSTRAINT; Schema: public; Owner: BM_apps
--

ALTER TABLE ONLY public.equipment_components
    ADD CONSTRAINT equipment_components_pkey PRIMARY KEY (component_id);


--
-- TOC entry 3762 (class 2606 OID 17558)
-- Name: equipment_maintenance_schedule equipment_maintenance_schedule_pkey1; Type: CONSTRAINT; Schema: public; Owner: BM_apps
--

ALTER TABLE ONLY public.equipment_maintenance_schedule
    ADD CONSTRAINT equipment_maintenance_schedule_pkey1 PRIMARY KEY (schedule_id);


--
-- TOC entry 3764 (class 2606 OID 17566)
-- Name: equipment_type equipment_type_pkey1; Type: CONSTRAINT; Schema: public; Owner: BM_apps
--

ALTER TABLE ONLY public.equipment_type
    ADD CONSTRAINT equipment_type_pkey1 PRIMARY KEY (equipment_type_id);


--
-- TOC entry 3737 (class 2606 OID 17438)
-- Name: refresh_tokens idx_refresh_token_hash; Type: CONSTRAINT; Schema: public; Owner: BM_apps
--

ALTER TABLE ONLY public.refresh_tokens
    ADD CONSTRAINT idx_refresh_token_hash UNIQUE (token_hash);


--
-- TOC entry 3766 (class 2606 OID 17574)
-- Name: maintenance_history maintenance_history_pkey1; Type: CONSTRAINT; Schema: public; Owner: BM_apps
--

ALTER TABLE ONLY public.maintenance_history
    ADD CONSTRAINT maintenance_history_pkey1 PRIMARY KEY (history_id);


--
-- TOC entry 3768 (class 2606 OID 17583)
-- Name: maintenance_requests maintenance_requests_pkey1; Type: CONSTRAINT; Schema: public; Owner: BM_apps
--

ALTER TABLE ONLY public.maintenance_requests
    ADD CONSTRAINT maintenance_requests_pkey1 PRIMARY KEY (request_id);


--
-- TOC entry 3812 (class 2606 OID 18011)
-- Name: manager_profiles manager_profiles_pkey1; Type: CONSTRAINT; Schema: public; Owner: BM_apps
--

ALTER TABLE ONLY public.manager_profiles
    ADD CONSTRAINT manager_profiles_pkey1 PRIMARY KEY (manager_id);


--
-- TOC entry 3770 (class 2606 OID 17597)
-- Name: manufacturer manufacturer_pkey1; Type: CONSTRAINT; Schema: public; Owner: BM_apps
--

ALTER TABLE ONLY public.manufacturer
    ADD CONSTRAINT manufacturer_pkey1 PRIMARY KEY (manufacturer_id);


--
-- TOC entry 3816 (class 2606 OID 18323)
-- Name: mechanic_certifications mechanic_certifications_pkey; Type: CONSTRAINT; Schema: public; Owner: BM_apps
--

ALTER TABLE ONLY public.mechanic_certifications
    ADD CONSTRAINT mechanic_certifications_pkey PRIMARY KEY (certification_id);


--
-- TOC entry 3772 (class 2606 OID 17605)
-- Name: mechanic_profiles mechanic_profiles_pkey1; Type: CONSTRAINT; Schema: public; Owner: BM_apps
--

ALTER TABLE ONLY public.mechanic_profiles
    ADD CONSTRAINT mechanic_profiles_pkey1 PRIMARY KEY (profile_id);


--
-- TOC entry 3774 (class 2606 OID 17613)
-- Name: mechanic_work_history mechanic_work_history_pkey1; Type: CONSTRAINT; Schema: public; Owner: BM_apps
--

ALTER TABLE ONLY public.mechanic_work_history
    ADD CONSTRAINT mechanic_work_history_pkey1 PRIMARY KEY (history_id);


--
-- TOC entry 3776 (class 2606 OID 17619)
-- Name: part_images part_images_pkey1; Type: CONSTRAINT; Schema: public; Owner: BM_apps
--

ALTER TABLE ONLY public.part_images
    ADD CONSTRAINT part_images_pkey1 PRIMARY KEY (image_id);


--
-- TOC entry 3778 (class 2606 OID 17627)
-- Name: part_locations part_locations_pkey1; Type: CONSTRAINT; Schema: public; Owner: BM_apps
--

ALTER TABLE ONLY public.part_locations
    ADD CONSTRAINT part_locations_pkey1 PRIMARY KEY (location_id);


--
-- TOC entry 3780 (class 2606 OID 17635)
-- Name: parts_catalog parts_catalog_pkey1; Type: CONSTRAINT; Schema: public; Owner: BM_apps
--

ALTER TABLE ONLY public.parts_catalog
    ADD CONSTRAINT parts_catalog_pkey1 PRIMARY KEY (catalog_id);


--
-- TOC entry 3782 (class 2606 OID 17641)
-- Name: password_reset_tokens password_reset_tokens_pkey1; Type: CONSTRAINT; Schema: public; Owner: BM_apps
--

ALTER TABLE ONLY public.password_reset_tokens
    ADD CONSTRAINT password_reset_tokens_pkey1 PRIMARY KEY (id);


--
-- TOC entry 3818 (class 2606 OID 18343)
-- Name: personal_warehouses personal_warehouses_pkey; Type: CONSTRAINT; Schema: public; Owner: BM_apps
--

ALTER TABLE ONLY public.personal_warehouses
    ADD CONSTRAINT personal_warehouses_pkey PRIMARY KEY (warehouse_id);


--
-- TOC entry 3784 (class 2606 OID 17648)
-- Name: purchase_orders purchase_orders_pkey1; Type: CONSTRAINT; Schema: public; Owner: BM_apps
--

ALTER TABLE ONLY public.purchase_orders
    ADD CONSTRAINT purchase_orders_pkey1 PRIMARY KEY (order_id);


--
-- TOC entry 3740 (class 2606 OID 17435)
-- Name: refresh_tokens refresh_tokens_pkey; Type: CONSTRAINT; Schema: public; Owner: BM_apps
--

ALTER TABLE ONLY public.refresh_tokens
    ADD CONSTRAINT refresh_tokens_pkey PRIMARY KEY (refresh_token_id);


--
-- TOC entry 3786 (class 2606 OID 17657)
-- Name: request_parts request_parts_pkey1; Type: CONSTRAINT; Schema: public; Owner: BM_apps
--

ALTER TABLE ONLY public.request_parts
    ADD CONSTRAINT request_parts_pkey1 PRIMARY KEY (part_id);


--
-- TOC entry 3788 (class 2606 OID 17663)
-- Name: role role_pkey1; Type: CONSTRAINT; Schema: public; Owner: BM_apps
--

ALTER TABLE ONLY public.role
    ADD CONSTRAINT role_pkey1 PRIMARY KEY (role_id);


--
-- TOC entry 3792 (class 2606 OID 17680)
-- Name: service_history_parts service_history_parts_pkey1; Type: CONSTRAINT; Schema: public; Owner: BM_apps
--

ALTER TABLE ONLY public.service_history_parts
    ADD CONSTRAINT service_history_parts_pkey1 PRIMARY KEY (id);


--
-- TOC entry 3790 (class 2606 OID 17672)
-- Name: service_history service_history_pkey1; Type: CONSTRAINT; Schema: public; Owner: BM_apps
--

ALTER TABLE ONLY public.service_history
    ADD CONSTRAINT service_history_pkey1 PRIMARY KEY (service_id);


--
-- TOC entry 3794 (class 2606 OID 17686)
-- Name: specialization specialization_pkey1; Type: CONSTRAINT; Schema: public; Owner: BM_apps
--

ALTER TABLE ONLY public.specialization
    ADD CONSTRAINT specialization_pkey1 PRIMARY KEY (specialization_id);


--
-- TOC entry 3796 (class 2606 OID 17692)
-- Name: supplier_reviews supplier_reviews_pkey1; Type: CONSTRAINT; Schema: public; Owner: BM_apps
--

ALTER TABLE ONLY public.supplier_reviews
    ADD CONSTRAINT supplier_reviews_pkey1 PRIMARY KEY (review_id);


--
-- TOC entry 3798 (class 2606 OID 17700)
-- Name: suppliers suppliers_pkey1; Type: CONSTRAINT; Schema: public; Owner: BM_apps
--

ALTER TABLE ONLY public.suppliers
    ADD CONSTRAINT suppliers_pkey1 PRIMARY KEY (supplier_id);


--
-- TOC entry 3800 (class 2606 OID 17708)
-- Name: technical_documents technical_documents_pkey1; Type: CONSTRAINT; Schema: public; Owner: BM_apps
--

ALTER TABLE ONLY public.technical_documents
    ADD CONSTRAINT technical_documents_pkey1 PRIMARY KEY (document_id);


--
-- TOC entry 3735 (class 2606 OID 17405)
-- Name: administrator_profiles ukp523oyhq8icurlpsamyg2qr4w; Type: CONSTRAINT; Schema: public; Owner: BM_apps
--

ALTER TABLE ONLY public.administrator_profiles
    ADD CONSTRAINT ukp523oyhq8icurlpsamyg2qr4w UNIQUE (user_id);


--
-- TOC entry 3802 (class 2606 OID 17714)
-- Name: users users_pkey1; Type: CONSTRAINT; Schema: public; Owner: BM_apps
--

ALTER TABLE ONLY public.users
    ADD CONSTRAINT users_pkey1 PRIMARY KEY (user_id);


--
-- TOC entry 3804 (class 2606 OID 17722)
-- Name: warehouse_inventory warehouse_inventory_pkey1; Type: CONSTRAINT; Schema: public; Owner: BM_apps
--

ALTER TABLE ONLY public.warehouse_inventory
    ADD CONSTRAINT warehouse_inventory_pkey1 PRIMARY KEY (inventory_id);


--
-- TOC entry 3806 (class 2606 OID 17730)
-- Name: work_log_part_usage work_log_part_usage_pkey1; Type: CONSTRAINT; Schema: public; Owner: BM_apps
--

ALTER TABLE ONLY public.work_log_part_usage
    ADD CONSTRAINT work_log_part_usage_pkey1 PRIMARY KEY (usage_id);


--
-- TOC entry 3808 (class 2606 OID 17740)
-- Name: work_log_status_history work_log_status_history_pkey1; Type: CONSTRAINT; Schema: public; Owner: BM_apps
--

ALTER TABLE ONLY public.work_log_status_history
    ADD CONSTRAINT work_log_status_history_pkey1 PRIMARY KEY (history_id);


--
-- TOC entry 3810 (class 2606 OID 17750)
-- Name: work_logs work_logs_pkey1; Type: CONSTRAINT; Schema: public; Owner: BM_apps
--

ALTER TABLE ONLY public.work_logs
    ADD CONSTRAINT work_logs_pkey1 PRIMARY KEY (log_id);


--
-- TOC entry 3738 (class 1259 OID 17436)
-- Name: idx_refresh_token_user; Type: INDEX; Schema: public; Owner: BM_apps
--

CREATE INDEX idx_refresh_token_user ON public.refresh_tokens USING btree (user_id);


--
-- TOC entry 3826 (class 2606 OID 17773)
-- Name: club_equipment_types fk1a365jx7y0qlrdxcsuwjxdfhw; Type: FK CONSTRAINT; Schema: public; Owner: BM_apps
--

ALTER TABLE ONLY public.club_equipment_types
    ADD CONSTRAINT fk1a365jx7y0qlrdxcsuwjxdfhw FOREIGN KEY (equipment_type_id) REFERENCES public.equipment_type(equipment_type_id);


--
-- TOC entry 3868 (class 2606 OID 17983)
-- Name: work_logs fk1r5paa16kfd9w9ju42knsvehu; Type: FK CONSTRAINT; Schema: public; Owner: BM_apps
--

ALTER TABLE ONLY public.work_logs
    ADD CONSTRAINT fk1r5paa16kfd9w9ju42knsvehu FOREIGN KEY (equipment_id) REFERENCES public.club_equipment(equipment_id);


--
-- TOC entry 3866 (class 2606 OID 17968)
-- Name: work_log_status_history fk2horjyy6kflcgmnxcoec0xsmr; Type: FK CONSTRAINT; Schema: public; Owner: BM_apps
--

ALTER TABLE ONLY public.work_log_status_history
    ADD CONSTRAINT fk2horjyy6kflcgmnxcoec0xsmr FOREIGN KEY (work_log_id) REFERENCES public.work_logs(log_id);


--
-- TOC entry 3838 (class 2606 OID 17828)
-- Name: maintenance_history fk322x3i6wl8f09afuecueaw45r; Type: FK CONSTRAINT; Schema: public; Owner: BM_apps
--

ALTER TABLE ONLY public.maintenance_history
    ADD CONSTRAINT fk322x3i6wl8f09afuecueaw45r FOREIGN KEY (club_id) REFERENCES public.bowling_clubs(club_id);


--
-- TOC entry 3823 (class 2606 OID 17753)
-- Name: bowling_clubs fk3yeucq30vd1n13pwle9qpj1wc; Type: FK CONSTRAINT; Schema: public; Owner: BM_apps
--

ALTER TABLE ONLY public.bowling_clubs
    ADD CONSTRAINT fk3yeucq30vd1n13pwle9qpj1wc FOREIGN KEY (owner_id) REFERENCES public.club_owners(owner_id);


--
-- TOC entry 3862 (class 2606 OID 17948)
-- Name: users fk4qu1gr772nnf6ve5af002rwya; Type: FK CONSTRAINT; Schema: public; Owner: BM_apps
--

ALTER TABLE ONLY public.users
    ADD CONSTRAINT fk4qu1gr772nnf6ve5af002rwya FOREIGN KEY (role_id) REFERENCES public.role(role_id);


--
-- TOC entry 3836 (class 2606 OID 17818)
-- Name: equipment_maintenance_schedule fk4rrsfmiouv7mloacb47wrucdf; Type: FK CONSTRAINT; Schema: public; Owner: BM_apps
--

ALTER TABLE ONLY public.equipment_maintenance_schedule
    ADD CONSTRAINT fk4rrsfmiouv7mloacb47wrucdf FOREIGN KEY (club_id) REFERENCES public.bowling_clubs(club_id);


--
-- TOC entry 3864 (class 2606 OID 17958)
-- Name: work_log_part_usage fk68hcxewhbm8gtln8qc62k0mpx; Type: FK CONSTRAINT; Schema: public; Owner: BM_apps
--

ALTER TABLE ONLY public.work_log_part_usage
    ADD CONSTRAINT fk68hcxewhbm8gtln8qc62k0mpx FOREIGN KEY (work_log_id) REFERENCES public.work_logs(log_id);


--
-- TOC entry 3844 (class 2606 OID 18364)
-- Name: mechanic_work_history fk7fytx6ys59tsbrhh3m5l7uune; Type: FK CONSTRAINT; Schema: public; Owner: BM_apps
--

ALTER TABLE ONLY public.mechanic_work_history
    ADD CONSTRAINT fk7fytx6ys59tsbrhh3m5l7uune FOREIGN KEY (mechanic_profile_id) REFERENCES public.mechanic_profiles(profile_id);


--
-- TOC entry 3855 (class 2606 OID 17918)
-- Name: service_history_parts fk811lbbchele8mrdgnudoi1nxf; Type: FK CONSTRAINT; Schema: public; Owner: BM_apps
--

ALTER TABLE ONLY public.service_history_parts
    ADD CONSTRAINT fk811lbbchele8mrdgnudoi1nxf FOREIGN KEY (part_catalog_id) REFERENCES public.parts_catalog(catalog_id);


--
-- TOC entry 3875 (class 2606 OID 18354)
-- Name: attestation_applications fk8ht5jynjprbsf3pacc4sjrwko; Type: FK CONSTRAINT; Schema: public; Owner: BM_apps
--

ALTER TABLE ONLY public.attestation_applications
    ADD CONSTRAINT fk8ht5jynjprbsf3pacc4sjrwko FOREIGN KEY (user_id) REFERENCES public.users(user_id);


--
-- TOC entry 3857 (class 2606 OID 18301)
-- Name: supplier_reviews fk9i1i93kr2b5o8xp497qe3rrhl; Type: FK CONSTRAINT; Schema: public; Owner: BM_apps
--

ALTER TABLE ONLY public.supplier_reviews
    ADD CONSTRAINT fk9i1i93kr2b5o8xp497qe3rrhl FOREIGN KEY (order_id) REFERENCES public.purchase_orders(order_id);


--
-- TOC entry 3858 (class 2606 OID 17928)
-- Name: technical_documents fka3m694kyyf034eo4wdkle7ai0; Type: FK CONSTRAINT; Schema: public; Owner: BM_apps
--

ALTER TABLE ONLY public.technical_documents
    ADD CONSTRAINT fka3m694kyyf034eo4wdkle7ai0 FOREIGN KEY (access_level_id) REFERENCES public.access_level(access_level_id);


--
-- TOC entry 3827 (class 2606 OID 17768)
-- Name: club_equipment_types fkaflm7relj66avjeo6lnncn5o7; Type: FK CONSTRAINT; Schema: public; Owner: BM_apps
--

ALTER TABLE ONLY public.club_equipment_types
    ADD CONSTRAINT fkaflm7relj66avjeo6lnncn5o7 FOREIGN KEY (club_id) REFERENCES public.bowling_clubs(club_id);


--
-- TOC entry 3839 (class 2606 OID 17838)
-- Name: maintenance_history fkajsspn7rfs7vaui7ttwtgduue; Type: FK CONSTRAINT; Schema: public; Owner: BM_apps
--

ALTER TABLE ONLY public.maintenance_history
    ADD CONSTRAINT fkajsspn7rfs7vaui7ttwtgduue FOREIGN KEY (mechanic_id) REFERENCES public.mechanic_profiles(profile_id);


--
-- TOC entry 3851 (class 2606 OID 17903)
-- Name: service_history fkb9pjiejdnc9plcmvooerqgefv; Type: FK CONSTRAINT; Schema: public; Owner: BM_apps
--

ALTER TABLE ONLY public.service_history
    ADD CONSTRAINT fkb9pjiejdnc9plcmvooerqgefv FOREIGN KEY (equipment_id) REFERENCES public.club_equipment(equipment_id);


--
-- TOC entry 3824 (class 2606 OID 17763)
-- Name: club_equipment fkdelf0evglkvg6v5890ncaqgoo; Type: FK CONSTRAINT; Schema: public; Owner: BM_apps
--

ALTER TABLE ONLY public.club_equipment
    ADD CONSTRAINT fkdelf0evglkvg6v5890ncaqgoo FOREIGN KEY (manufacturer_id) REFERENCES public.manufacturer(manufacturer_id);


--
-- TOC entry 3867 (class 2606 OID 17963)
-- Name: work_log_status_history fkdfilh3hc8h70aetaheob5po11; Type: FK CONSTRAINT; Schema: public; Owner: BM_apps
--

ALTER TABLE ONLY public.work_log_status_history
    ADD CONSTRAINT fkdfilh3hc8h70aetaheob5po11 FOREIGN KEY (changed_by) REFERENCES public.users(user_id);


--
-- TOC entry 3821 (class 2606 OID 18033)
-- Name: administrator_profiles fkdo5txam8feukemar3fh6cw1ue; Type: FK CONSTRAINT; Schema: public; Owner: BM_apps
--

ALTER TABLE ONLY public.administrator_profiles
    ADD CONSTRAINT fkdo5txam8feukemar3fh6cw1ue FOREIGN KEY (user_id) REFERENCES public.users(user_id);


--
-- TOC entry 3856 (class 2606 OID 17923)
-- Name: service_history_parts fkdqsu1kiua3emnkyaq0557jlhs; Type: FK CONSTRAINT; Schema: public; Owner: BM_apps
--

ALTER TABLE ONLY public.service_history_parts
    ADD CONSTRAINT fkdqsu1kiua3emnkyaq0557jlhs FOREIGN KEY (service_history_id) REFERENCES public.service_history(service_id);


--
-- TOC entry 3880 (class 2606 OID 18387)
-- Name: equipment_components fkdvofnm2hoq9gbovj5f2qpjka0; Type: FK CONSTRAINT; Schema: public; Owner: BM_apps
--

ALTER TABLE ONLY public.equipment_components
    ADD CONSTRAINT fkdvofnm2hoq9gbovj5f2qpjka0 FOREIGN KEY (parent_id) REFERENCES public.equipment_components(component_id);


--
-- TOC entry 3830 (class 2606 OID 17788)
-- Name: club_mechanics fkdvvjrb0f6v5397aqiemoqx7tm; Type: FK CONSTRAINT; Schema: public; Owner: BM_apps
--

ALTER TABLE ONLY public.club_mechanics
    ADD CONSTRAINT fkdvvjrb0f6v5397aqiemoqx7tm FOREIGN KEY (club_id) REFERENCES public.bowling_clubs(club_id);


--
-- TOC entry 3833 (class 2606 OID 17813)
-- Name: club_staff fkf0untgly42xrquvks9b7n23bi; Type: FK CONSTRAINT; Schema: public; Owner: BM_apps
--

ALTER TABLE ONLY public.club_staff
    ADD CONSTRAINT fkf0untgly42xrquvks9b7n23bi FOREIGN KEY (user_id) REFERENCES public.users(user_id);


--
-- TOC entry 3878 (class 2606 OID 18359)
-- Name: mechanic_certifications fkfpi0ocq646yossuap05k0kl2c; Type: FK CONSTRAINT; Schema: public; Owner: BM_apps
--

ALTER TABLE ONLY public.mechanic_certifications
    ADD CONSTRAINT fkfpi0ocq646yossuap05k0kl2c FOREIGN KEY (mechanic_profile_id) REFERENCES public.mechanic_profiles(profile_id);


--
-- TOC entry 3869 (class 2606 OID 17973)
-- Name: work_logs fkfpli7cfpb5rb5anf6um8hgwxo; Type: FK CONSTRAINT; Schema: public; Owner: BM_apps
--

ALTER TABLE ONLY public.work_logs
    ADD CONSTRAINT fkfpli7cfpb5rb5anf6um8hgwxo FOREIGN KEY (approved_by) REFERENCES public.users(user_id);


--
-- TOC entry 3852 (class 2606 OID 17913)
-- Name: service_history fkglm7tgvatewp8a409gblv1ape; Type: FK CONSTRAINT; Schema: public; Owner: BM_apps
--

ALTER TABLE ONLY public.service_history
    ADD CONSTRAINT fkglm7tgvatewp8a409gblv1ape FOREIGN KEY (supervised_by) REFERENCES public.users(user_id);


--
-- TOC entry 3825 (class 2606 OID 17758)
-- Name: club_equipment fkgyjumt2kqnq36gl1g5l10jelf; Type: FK CONSTRAINT; Schema: public; Owner: BM_apps
--

ALTER TABLE ONLY public.club_equipment
    ADD CONSTRAINT fkgyjumt2kqnq36gl1g5l10jelf FOREIGN KEY (club_id) REFERENCES public.bowling_clubs(club_id);


--
-- TOC entry 3879 (class 2606 OID 18369)
-- Name: personal_warehouses fkh0r6aigq4nbkgkrq6448slbdx; Type: FK CONSTRAINT; Schema: public; Owner: BM_apps
--

ALTER TABLE ONLY public.personal_warehouses
    ADD CONSTRAINT fkh0r6aigq4nbkgkrq6448slbdx FOREIGN KEY (mechanic_profile_id) REFERENCES public.mechanic_profiles(profile_id);


--
-- TOC entry 3876 (class 2606 OID 18349)
-- Name: attestation_applications fkh8ox12b9hj93ln3d03aryoluc; Type: FK CONSTRAINT; Schema: public; Owner: BM_apps
--

ALTER TABLE ONLY public.attestation_applications
    ADD CONSTRAINT fkh8ox12b9hj93ln3d03aryoluc FOREIGN KEY (mechanic_profile_id) REFERENCES public.mechanic_profiles(profile_id);


--
-- TOC entry 3837 (class 2606 OID 17823)
-- Name: equipment_maintenance_schedule fkhcutoos86bngmu3ynfrln1vg8; Type: FK CONSTRAINT; Schema: public; Owner: BM_apps
--

ALTER TABLE ONLY public.equipment_maintenance_schedule
    ADD CONSTRAINT fkhcutoos86bngmu3ynfrln1vg8 FOREIGN KEY (equipment_id) REFERENCES public.club_equipment(equipment_id);


--
-- TOC entry 3859 (class 2606 OID 17933)
-- Name: technical_documents fkhpcbnrlnmfglnwu91pk5d2j7m; Type: FK CONSTRAINT; Schema: public; Owner: BM_apps
--

ALTER TABLE ONLY public.technical_documents
    ADD CONSTRAINT fkhpcbnrlnmfglnwu91pk5d2j7m FOREIGN KEY (document_type_id) REFERENCES public.document_type(document_type_id);


--
-- TOC entry 3834 (class 2606 OID 17808)
-- Name: club_staff fkhs9vbdp0rs5fgdlmwr2143bop; Type: FK CONSTRAINT; Schema: public; Owner: BM_apps
--

ALTER TABLE ONLY public.club_staff
    ADD CONSTRAINT fkhs9vbdp0rs5fgdlmwr2143bop FOREIGN KEY (role_id) REFERENCES public.role(role_id);


--
-- TOC entry 3841 (class 2606 OID 17843)
-- Name: maintenance_requests fkhtax6b3dybhfgfxs0ytbh87vx; Type: FK CONSTRAINT; Schema: public; Owner: BM_apps
--

ALTER TABLE ONLY public.maintenance_requests
    ADD CONSTRAINT fkhtax6b3dybhfgfxs0ytbh87vx FOREIGN KEY (club_id) REFERENCES public.bowling_clubs(club_id);


--
-- TOC entry 3873 (class 2606 OID 18017)
-- Name: manager_profiles fkiobkgxqgbji336b5qauq247g; Type: FK CONSTRAINT; Schema: public; Owner: BM_apps
--

ALTER TABLE ONLY public.manager_profiles
    ADD CONSTRAINT fkiobkgxqgbji336b5qauq247g FOREIGN KEY (user_id) REFERENCES public.users(user_id);


--
-- TOC entry 3853 (class 2606 OID 17898)
-- Name: service_history fkip4hd14tup66whc5xiwqmc12m; Type: FK CONSTRAINT; Schema: public; Owner: BM_apps
--

ALTER TABLE ONLY public.service_history
    ADD CONSTRAINT fkip4hd14tup66whc5xiwqmc12m FOREIGN KEY (club_id) REFERENCES public.bowling_clubs(club_id);


--
-- TOC entry 3828 (class 2606 OID 17778)
-- Name: club_invitations fkiux5d184wax9ippkm4uh1ks75; Type: FK CONSTRAINT; Schema: public; Owner: BM_apps
--

ALTER TABLE ONLY public.club_invitations
    ADD CONSTRAINT fkiux5d184wax9ippkm4uh1ks75 FOREIGN KEY (club_id) REFERENCES public.bowling_clubs(club_id);


--
-- TOC entry 3860 (class 2606 OID 18027)
-- Name: technical_documents fkj30dcj43en695mscvspalvbso; Type: FK CONSTRAINT; Schema: public; Owner: BM_apps
--

ALTER TABLE ONLY public.technical_documents
    ADD CONSTRAINT fkj30dcj43en695mscvspalvbso FOREIGN KEY (club_id) REFERENCES public.bowling_clubs(club_id);


--
-- TOC entry 3849 (class 2606 OID 17888)
-- Name: request_parts fkk38h5068oair29btm68kubcj6; Type: FK CONSTRAINT; Schema: public; Owner: BM_apps
--

ALTER TABLE ONLY public.request_parts
    ADD CONSTRAINT fkk38h5068oair29btm68kubcj6 FOREIGN KEY (order_id) REFERENCES public.purchase_orders(order_id);


--
-- TOC entry 3846 (class 2606 OID 17873)
-- Name: password_reset_tokens fkk3ndxg5xp6v7wd4gjyusp15gq; Type: FK CONSTRAINT; Schema: public; Owner: BM_apps
--

ALTER TABLE ONLY public.password_reset_tokens
    ADD CONSTRAINT fkk3ndxg5xp6v7wd4gjyusp15gq FOREIGN KEY (user_id) REFERENCES public.users(user_id);


--
-- TOC entry 3847 (class 2606 OID 17878)
-- Name: purchase_orders fkkm5x78od9d8259pkiycmfsgp6; Type: FK CONSTRAINT; Schema: public; Owner: BM_apps
--

ALTER TABLE ONLY public.purchase_orders
    ADD CONSTRAINT fkkm5x78od9d8259pkiycmfsgp6 FOREIGN KEY (request_id) REFERENCES public.maintenance_requests(request_id);


--
-- TOC entry 3863 (class 2606 OID 17943)
-- Name: users fkl7cb2ed0leb6yfcddpbw0ve8b; Type: FK CONSTRAINT; Schema: public; Owner: BM_apps
--

ALTER TABLE ONLY public.users
    ADD CONSTRAINT fkl7cb2ed0leb6yfcddpbw0ve8b FOREIGN KEY (account_type_id) REFERENCES public.account_type(account_type_id);


--
-- TOC entry 3831 (class 2606 OID 17793)
-- Name: club_mechanics fklvklga4hwnmlw4ciia59g4k46; Type: FK CONSTRAINT; Schema: public; Owner: BM_apps
--

ALTER TABLE ONLY public.club_mechanics
    ADD CONSTRAINT fklvklga4hwnmlw4ciia59g4k46 FOREIGN KEY (mechanic_profile_id) REFERENCES public.mechanic_profiles(profile_id);


--
-- TOC entry 3850 (class 2606 OID 17893)
-- Name: request_parts fkmw0uqtlq81bc6khlo5ty7fv44; Type: FK CONSTRAINT; Schema: public; Owner: BM_apps
--

ALTER TABLE ONLY public.request_parts
    ADD CONSTRAINT fkmw0uqtlq81bc6khlo5ty7fv44 FOREIGN KEY (request_id) REFERENCES public.maintenance_requests(request_id);


--
-- TOC entry 3870 (class 2606 OID 17993)
-- Name: work_logs fkn79qhqjmbchimv93qniyuk78l; Type: FK CONSTRAINT; Schema: public; Owner: BM_apps
--

ALTER TABLE ONLY public.work_logs
    ADD CONSTRAINT fkn79qhqjmbchimv93qniyuk78l FOREIGN KEY (mechanic_id) REFERENCES public.mechanic_profiles(profile_id);


--
-- TOC entry 3842 (class 2606 OID 17848)
-- Name: maintenance_requests fknn1bafi3dw57in7swhoyjofdl; Type: FK CONSTRAINT; Schema: public; Owner: BM_apps
--

ALTER TABLE ONLY public.maintenance_requests
    ADD CONSTRAINT fknn1bafi3dw57in7swhoyjofdl FOREIGN KEY (mechanic_id) REFERENCES public.mechanic_profiles(profile_id);


--
-- TOC entry 3865 (class 2606 OID 17953)
-- Name: work_log_part_usage fknrnhdrwnjdy198p7o0keda4xu; Type: FK CONSTRAINT; Schema: public; Owner: BM_apps
--

ALTER TABLE ONLY public.work_log_part_usage
    ADD CONSTRAINT fknrnhdrwnjdy198p7o0keda4xu FOREIGN KEY (part_catalog_id) REFERENCES public.parts_catalog(catalog_id);


--
-- TOC entry 3843 (class 2606 OID 17863)
-- Name: mechanic_profiles fknver67vxf1s4f7wj2lrhkicst; Type: FK CONSTRAINT; Schema: public; Owner: BM_apps
--

ALTER TABLE ONLY public.mechanic_profiles
    ADD CONSTRAINT fknver67vxf1s4f7wj2lrhkicst FOREIGN KEY (user_id) REFERENCES public.users(user_id);


--
-- TOC entry 3840 (class 2606 OID 17833)
-- Name: maintenance_history fknxxiyi7x9kasg2mu5ktng5llr; Type: FK CONSTRAINT; Schema: public; Owner: BM_apps
--

ALTER TABLE ONLY public.maintenance_history
    ADD CONSTRAINT fknxxiyi7x9kasg2mu5ktng5llr FOREIGN KEY (manager_id) REFERENCES public.users(user_id);


--
-- TOC entry 3822 (class 2606 OID 18038)
-- Name: administrator_profiles fko1d0ydt7dsb15o2aelngsr374; Type: FK CONSTRAINT; Schema: public; Owner: BM_apps
--

ALTER TABLE ONLY public.administrator_profiles
    ADD CONSTRAINT fko1d0ydt7dsb15o2aelngsr374 FOREIGN KEY (club_id) REFERENCES public.bowling_clubs(club_id);


--
-- TOC entry 3832 (class 2606 OID 17798)
-- Name: club_owners fkpnvmgw3awe1qn41p63vbfjg0m; Type: FK CONSTRAINT; Schema: public; Owner: BM_apps
--

ALTER TABLE ONLY public.club_owners
    ADD CONSTRAINT fkpnvmgw3awe1qn41p63vbfjg0m FOREIGN KEY (user_id) REFERENCES public.users(user_id);


--
-- TOC entry 3835 (class 2606 OID 17803)
-- Name: club_staff fkqesjxr2y7e6j4l5yafm5j103k; Type: FK CONSTRAINT; Schema: public; Owner: BM_apps
--

ALTER TABLE ONLY public.club_staff
    ADD CONSTRAINT fkqesjxr2y7e6j4l5yafm5j103k FOREIGN KEY (club_id) REFERENCES public.bowling_clubs(club_id);


--
-- TOC entry 3874 (class 2606 OID 18012)
-- Name: manager_profiles fkqxdi9fag69rbv3avohn5s4s0f; Type: FK CONSTRAINT; Schema: public; Owner: BM_apps
--

ALTER TABLE ONLY public.manager_profiles
    ADD CONSTRAINT fkqxdi9fag69rbv3avohn5s4s0f FOREIGN KEY (club_id) REFERENCES public.bowling_clubs(club_id);


--
-- TOC entry 3871 (class 2606 OID 17988)
-- Name: work_logs fkrjn9huorpnr6f6tca5ndvhv2i; Type: FK CONSTRAINT; Schema: public; Owner: BM_apps
--

ALTER TABLE ONLY public.work_logs
    ADD CONSTRAINT fkrjn9huorpnr6f6tca5ndvhv2i FOREIGN KEY (maintenance_request_id) REFERENCES public.maintenance_requests(request_id);


--
-- TOC entry 3848 (class 2606 OID 17883)
-- Name: purchase_orders fkrpdasmb8y8xs5tiy4369xpinq; Type: FK CONSTRAINT; Schema: public; Owner: BM_apps
--

ALTER TABLE ONLY public.purchase_orders
    ADD CONSTRAINT fkrpdasmb8y8xs5tiy4369xpinq FOREIGN KEY (supplier_id) REFERENCES public.suppliers(supplier_id);


--
-- TOC entry 3861 (class 2606 OID 17938)
-- Name: technical_documents fksahon9plq4jix9ge5cyn77kpe; Type: FK CONSTRAINT; Schema: public; Owner: BM_apps
--

ALTER TABLE ONLY public.technical_documents
    ADD CONSTRAINT fksahon9plq4jix9ge5cyn77kpe FOREIGN KEY (manufacturer_id) REFERENCES public.manufacturer(manufacturer_id);


--
-- TOC entry 3872 (class 2606 OID 17978)
-- Name: work_logs fksnsromk1bv9khp6ga8hcf5coo; Type: FK CONSTRAINT; Schema: public; Owner: BM_apps
--

ALTER TABLE ONLY public.work_logs
    ADD CONSTRAINT fksnsromk1bv9khp6ga8hcf5coo FOREIGN KEY (club_id) REFERENCES public.bowling_clubs(club_id);


--
-- TOC entry 3854 (class 2606 OID 17908)
-- Name: service_history fktc23mykbjp5q0vfshj2vk2b95; Type: FK CONSTRAINT; Schema: public; Owner: BM_apps
--

ALTER TABLE ONLY public.service_history
    ADD CONSTRAINT fktc23mykbjp5q0vfshj2vk2b95 FOREIGN KEY (performed_by) REFERENCES public.mechanic_profiles(profile_id);


--
-- TOC entry 3845 (class 2606 OID 17868)
-- Name: parts_catalog fkteyska4yu0ckvu1n3br7crt7a; Type: FK CONSTRAINT; Schema: public; Owner: BM_apps
--

ALTER TABLE ONLY public.parts_catalog
    ADD CONSTRAINT fkteyska4yu0ckvu1n3br7crt7a FOREIGN KEY (manufacturer_id) REFERENCES public.manufacturer(manufacturer_id);


--
-- TOC entry 3829 (class 2606 OID 17783)
-- Name: club_invitations fktrww5l3fmos2ibdmc2v2mw5e6; Type: FK CONSTRAINT; Schema: public; Owner: BM_apps
--

ALTER TABLE ONLY public.club_invitations
    ADD CONSTRAINT fktrww5l3fmos2ibdmc2v2mw5e6 FOREIGN KEY (mechanic_id) REFERENCES public.users(user_id);


--
-- TOC entry 3877 (class 2606 OID 18344)
-- Name: attestation_applications fkvhdw1h74emlolonfjvjw3j8p; Type: FK CONSTRAINT; Schema: public; Owner: BM_apps
--

ALTER TABLE ONLY public.attestation_applications
    ADD CONSTRAINT fkvhdw1h74emlolonfjvjw3j8p FOREIGN KEY (club_id) REFERENCES public.bowling_clubs(club_id);


--
-- TOC entry 4114 (class 0 OID 0)
-- Dependencies: 6
-- Name: SCHEMA public; Type: ACL; Schema: -; Owner: pg_database_owner
--

GRANT ALL ON SCHEMA public TO "WalterW" WITH GRANT OPTION;
GRANT ALL ON SCHEMA public TO "Alexey" WITH GRANT OPTION;
SET SESSION AUTHORIZATION "Alexey";
GRANT ALL ON SCHEMA public TO PUBLIC;
RESET SESSION AUTHORIZATION;
GRANT ALL ON SCHEMA public TO "BM_apps" WITH GRANT OPTION;


-- Completed on 2025-11-25 14:24:40

--
-- PostgreSQL database dump complete
--

